Strain	Collection date	Region	Country
EPI_ISL_413581	2/29/2020	Europe	Netherlands
EPI_ISL_413586	2/27/2020	Europe	Netherlands
EPI_ISL_413570	2/28/2020	Europe	Netherlands
EPI_ISL_413574	2/29/2020	Europe	Netherlands
EPI_ISL_413575	2/29/2020	Europe	Netherlands
EPI_ISL_413576	2/29/2020	Europe	Netherlands
EPI_ISL_413569	2/28/2020	Europe	Netherlands
EPI_ISL_413593	2/29/2020	Europe	Luxembourg
EPI_ISL_413594	2/28/2020	Oceania	Australia
EPI_ISL_413595	2/28/2020	Oceania	Australia
EPI_ISL_413596	2/28/2020	Oceania	Australia
EPI_ISL_413520	1/28/2020	Asia	China
EPI_ISL_413521	1/28/2020	Asia	China
EPI_ISL_413522	1/27/2020	Asia	India
EPI_ISL_413523	1/31/2020	Asia	India
EPI_ISL_413514	2/27/2020	Asia	SouthKorea
EPI_ISL_413515	2/27/2020	Asia	SouthKorea
EPI_ISL_413516	2/27/2020	Asia	SouthKorea
EPI_ISL_413518	1/26/2020	Asia	China
EPI_ISL_413519	1/28/2020	Asia	China
EPI_ISL_413513	2/27/2020	Asia	SouthKorea
EPI_ISL_413560	2/28/2020	NorthAmerica	USA
EPI_ISL_413561	2/27/2020	NorthAmerica	USA
EPI_ISL_413565	2/24/2020	Europe	Netherlands
EPI_ISL_413558	2/27/2020	NorthAmerica	USA
EPI_ISL_413559	2/27/2020	NorthAmerica	USA
EPI_ISL_413550	2/27/2020	Africa	Nigeria
EPI_ISL_413555	2/27/2020	Europe	UnitedKingdom
EPI_ISL_413557	2/28/2020	NorthAmerica	USA
EPI_ISL_424359	1/27/2020	Asia	China
EPI_ISL_424358	1/28/2020	Asia	China
EPI_ISL_424357	1/28/2020	Asia	China
EPI_ISL_424356	1/25/2020	Asia	China
EPI_ISL_424355	1/24/2020	Asia	China
EPI_ISL_411066	1/22/2020	Asia	China
EPI_ISL_411060	1/21/2020	Asia	China
EPI_ISL_424360	1/29/2020	Asia	China
EPI_ISL_414949	2/26/2020	Europe	UnitedKingdom
EPI_ISL_414941	1/30/2020	Asia	China
EPI_ISL_414940	1/25/2020	Asia	China
EPI_ISL_414934	1/21/2020	Asia	China
EPI_ISL_414936	1/23/2020	Asia	China
EPI_ISL_414935	1/21/2020	Asia	China
EPI_ISL_414938	1/24/2020	Asia	China
EPI_ISL_414937	1/26/2020	Asia	China
EPI_ISL_414939	1/25/2020	Asia	China
EPI_ISL_414663	2/25/2020	Asia	China
EPI_ISL_414691	2/25/2020	Asia	China
EPI_ISL_414690	2/25/2020	Asia	China
EPI_ISL_412030	2/1/2020	Asia	HongKong
EPI_ISL_414692	2/25/2020	Asia	China
EPI_ISL_412029	1/30/2020	Asia	HongKong
EPI_ISL_414686	2/27/2020	Asia	China
EPI_ISL_414688	2/25/2020	Asia	China
EPI_ISL_414687	2/25/2020	Asia	China
EPI_ISL_412026	2/23/2020	Asia	China
EPI_ISL_412028	1/22/2020	Asia	HongKong
EPI_ISL_414689	2/25/2020	Asia	China
EPI_ISL_424051	2/12/2020	Europe	UnitedKingdom
EPI_ISL_403935	1/15/2020	Asia	China
EPI_ISL_403936	1/17/2020	Asia	China
EPI_ISL_403933	1/15/2020	Asia	China
EPI_ISL_403934	1/15/2020	Asia	China
EPI_ISL_403937	1/18/2020	Asia	China
EPI_ISL_403929	12/30/2019	Asia	China
EPI_ISL_403931	12/30/2019	Asia	China
EPI_ISL_403932	1/14/2020	Asia	China
EPI_ISL_403930	12/30/2019	Asia	China
EPI_ISL_403962	1/8/2020	Asia	Thailand
EPI_ISL_403963	1/13/2020	Asia	Thailand
EPI_ISL_414600	2/26/2020	Europe	France
EPI_ISL_414626	2/29/2020	Europe	France
EPI_ISL_414625	2/26/2020	Europe	France
EPI_ISL_426629	2/7/2020	Asia	Taiwan
EPI_ISL_414624	2/26/2020	Europe	France
EPI_ISL_414623	2/25/2020	Europe	France
EPI_ISL_413459	2/20/2020	Asia	Japan
EPI_ISL_413455	2/28/2020	NorthAmerica	USA
EPI_ISL_413456	2/21/2020	NorthAmerica	USA
EPI_ISL_413457	2/29/2020	NorthAmerica	USA
EPI_ISL_413485	1/24/2020	Asia	China
EPI_ISL_413488	2/28/2020	Europe	Germany
EPI_ISL_413490	2/27/2020	Oceania	NewZealand
EPI_ISL_413491	2/9/2020	Asia	HongKong
EPI_ISL_413492	2/10/2020	Asia	HongKong
EPI_ISL_413493	2/10/2020	Asia	HongKong
EPI_ISL_413494	2/10/2020	Asia	HongKong
EPI_ISL_413495	2/12/2020	Asia	HongKong
EPI_ISL_413496	2/13/2020	Asia	HongKong
EPI_ISL_413497	2/13/2020	Asia	HongKong
EPI_ISL_413498	2/17/2020	Asia	HongKong
EPI_ISL_412116	2/9/2020	Europe	UnitedKingdom
EPI_ISL_409000	1/26/2020	Asia	HongKong
EPI_ISL_409002	1/29/2020	Asia	HongKong
EPI_ISL_409001	1/29/2020	Asia	HongKong
EPI_ISL_409020	1/30/2020	Asia	HongKong
EPI_ISL_409026	2/3/2020	Asia	HongKong
EPI_ISL_413999	2/27/2020	Europe	Switzerland
EPI_ISL_409025	2/1/2020	Asia	HongKong
EPI_ISL_409027	2/3/2020	Asia	HongKong
EPI_ISL_409022	1/29/2020	Asia	HongKong
EPI_ISL_409024	1/31/2020	Asia	HongKong
EPI_ISL_409023	1/31/2020	Asia	HongKong
EPI_ISL_413996	2/24/2020	Europe	Switzerland
EPI_ISL_413997	2/26/2020	Europe	Switzerland
EPI_ISL_424666	2/29/2020	NorthAmerica	Mexico
EPI_ISL_409067	1/29/2020	NorthAmerica	USA
EPI_ISL_410045	1/28/2020	NorthAmerica	USA
EPI_ISL_410044	1/27/2020	NorthAmerica	USA
EPI_ISL_412870	1/30/2020	Asia	SouthKorea
EPI_ISL_412871	1/31/2020	Asia	SouthKorea
EPI_ISL_412872	2/1/2020	Asia	SouthKorea
EPI_ISL_412873	2/6/2020	Asia	SouthKorea
EPI_ISL_412869	1/30/2020	Asia	SouthKorea
EPI_ISL_412862	2/23/2020	NorthAmerica	USA
EPI_ISL_412459	1/8/2020	Asia	China
EPI_ISL_413900	2/28/2020	Asia	China
EPI_ISL_413901	2/28/2020	Asia	China
EPI_ISL_413902	2/28/2020	Asia	China
EPI_ISL_413860	1/30/2020	Asia	China
EPI_ISL_413861	2/1/2020	Asia	China
EPI_ISL_413862	2/1/2020	Asia	China
EPI_ISL_413863	2/1/2020	Asia	China
EPI_ISL_413864	2/9/2020	Asia	China
EPI_ISL_413865	2/5/2020	Asia	China
EPI_ISL_413855	2/7/2020	Asia	China
EPI_ISL_413856	2/7/2020	Asia	China
EPI_ISL_413857	1/31/2020	Asia	China
EPI_ISL_413858	1/30/2020	Asia	China
EPI_ISL_413859	1/31/2020	Asia	China
EPI_ISL_413850	2/10/2020	Asia	China
EPI_ISL_413851	1/30/2020	Asia	China
EPI_ISL_413852	1/30/2020	Asia	China
EPI_ISL_413853	1/30/2020	Asia	China
EPI_ISL_413854	1/30/2020	Asia	China
EPI_ISL_413880	2/5/2020	Asia	China
EPI_ISL_413881	2/5/2020	Asia	China
EPI_ISL_413882	2/2/2020	Asia	China
EPI_ISL_413883	2/2/2020	Asia	China
EPI_ISL_411219	1/28/2020	Europe	France
EPI_ISL_413884	2/1/2020	Asia	China
EPI_ISL_411218	2/2/2020	Europe	France
EPI_ISL_413885	2/1/2020	Asia	China
EPI_ISL_413886	2/1/2020	Asia	China
EPI_ISL_413887	2/1/2020	Asia	China
EPI_ISL_413877	2/9/2020	Asia	China
EPI_ISL_413878	2/9/2020	Asia	China
EPI_ISL_413879	2/5/2020	Asia	China
EPI_ISL_411220	1/28/2020	Europe	France
EPI_ISL_413870	2/28/2020	Asia	China
EPI_ISL_413871	2/28/2020	Asia	China
EPI_ISL_413872	2/28/2020	Asia	China
EPI_ISL_413873	2/28/2020	Asia	China
EPI_ISL_413874	2/12/2020	Asia	China
EPI_ISL_413875	2/10/2020	Asia	China
EPI_ISL_413876	2/10/2020	Asia	China
EPI_ISL_413866	2/5/2020	Asia	China
EPI_ISL_413867	2/5/2020	Asia	China
EPI_ISL_413868	2/28/2020	Asia	China
EPI_ISL_413869	2/28/2020	Asia	China
EPI_ISL_413899	2/28/2020	Asia	China
EPI_ISL_413890	2/28/2020	Asia	China
EPI_ISL_413891	2/28/2020	Asia	China
EPI_ISL_413892	2/28/2020	Asia	China
EPI_ISL_413893	2/28/2020	Asia	China
EPI_ISL_413894	2/28/2020	Asia	China
EPI_ISL_413895	2/28/2020	Asia	China
EPI_ISL_413896	2/28/2020	Asia	China
EPI_ISL_413897	2/28/2020	Asia	China
EPI_ISL_413898	2/28/2020	Asia	China
EPI_ISL_413888	1/30/2020	Asia	China
EPI_ISL_413889	1/30/2020	Asia	China
EPI_ISL_414020	2/27/2020	Europe	Switzerland
EPI_ISL_414022	2/27/2020	Europe	Switzerland
EPI_ISL_414021	2/27/2020	Europe	Switzerland
EPI_ISL_414040	2/5/2020	Europe	UnitedKingdom
EPI_ISL_414042	2/8/2020	Europe	UnitedKingdom
EPI_ISL_414041	2/8/2020	Europe	UnitedKingdom
EPI_ISL_414044	2/8/2020	Europe	UnitedKingdom
EPI_ISL_414043	2/7/2020	Europe	UnitedKingdom
EPI_ISL_416610	2/17/2020	Asia	Japan
EPI_ISL_416611	2/17/2020	Asia	Japan
EPI_ISL_416614	2/17/2020	Asia	Japan
EPI_ISL_416615	2/17/2020	Asia	Japan
EPI_ISL_416612	2/17/2020	Asia	Japan
EPI_ISL_416613	2/17/2020	Asia	Japan
EPI_ISL_416607	2/17/2020	Asia	Japan
EPI_ISL_416608	2/17/2020	Asia	Japan
EPI_ISL_416605	2/16/2020	Asia	Japan
EPI_ISL_416606	2/16/2020	Asia	Japan
EPI_ISL_416609	2/17/2020	Asia	Japan
EPI_ISL_416600	2/16/2020	Asia	Japan
EPI_ISL_416603	2/16/2020	Asia	Japan
EPI_ISL_416604	2/16/2020	Asia	Japan
EPI_ISL_416601	2/16/2020	Asia	Japan
EPI_ISL_416602	2/16/2020	Asia	Japan
EPI_ISL_416632	2/17/2020	Asia	Japan
EPI_ISL_416633	2/17/2020	Asia	Japan
EPI_ISL_416630	2/17/2020	Asia	Japan
EPI_ISL_416631	2/17/2020	Asia	Japan
EPI_ISL_416634	2/17/2020	Asia	Japan
EPI_ISL_416629	2/17/2020	Asia	Japan
EPI_ISL_416627	2/17/2020	Asia	Japan
EPI_ISL_416628	2/17/2020	Asia	Japan
EPI_ISL_416621	2/17/2020	Asia	Japan
EPI_ISL_416622	2/17/2020	Asia	Japan
EPI_ISL_416620	2/17/2020	Asia	Japan
EPI_ISL_416625	2/17/2020	Asia	Japan
EPI_ISL_416626	2/17/2020	Asia	Japan
EPI_ISL_416623	2/17/2020	Asia	Japan
EPI_ISL_416624	2/17/2020	Asia	Japan
EPI_ISL_416618	2/17/2020	Asia	Japan
EPI_ISL_416619	2/17/2020	Asia	Japan
EPI_ISL_416616	2/17/2020	Asia	Japan
EPI_ISL_416617	2/17/2020	Asia	Japan
EPI_ISL_414011	2/26/2020	Europe	UnitedKingdom
EPI_ISL_414010	2/26/2020	Europe	UnitedKingdom
EPI_ISL_414012	2/27/2020	Europe	UnitedKingdom
EPI_ISL_414015	2/29/2020	SouthAmerica	Brazil
EPI_ISL_414016	2/29/2020	SouthAmerica	Brazil
EPI_ISL_414019	2/27/2020	Europe	Switzerland
EPI_ISL_414009	2/25/2020	Europe	UnitedKingdom
EPI_ISL_414006	2/28/2020	Europe	UnitedKingdom
EPI_ISL_414005	2/25/2020	Europe	UnitedKingdom
EPI_ISL_414008	2/27/2020	Europe	UnitedKingdom
EPI_ISL_414007	2/28/2020	Europe	UnitedKingdom
EPI_ISL_429968	2/21/2020	Europe	France
EPI_ISL_417922	2/28/2020	Europe	Italy
EPI_ISL_426180	2/5/2020	Asia	SouthKorea
EPI_ISL_426181	2/23/2020	Asia	SouthKorea
EPI_ISL_426182	2/9/2020	Asia	SouthKorea
EPI_ISL_426183	2/23/2020	Asia	SouthKorea
EPI_ISL_426187	2/12/2020	Asia	SouthKorea
EPI_ISL_426163	2/23/2020	Asia	SouthKorea
EPI_ISL_426164	2/2/2020	Asia	SouthKorea
EPI_ISL_426166	2/4/2020	Asia	SouthKorea
EPI_ISL_426167	2/23/2020	Asia	SouthKorea
EPI_ISL_426168	2/2/2020	Asia	SouthKorea
EPI_ISL_426169	2/5/2020	Asia	SouthKorea
EPI_ISL_426171	2/5/2020	Asia	SouthKorea
EPI_ISL_426173	2/7/2020	Asia	SouthKorea
EPI_ISL_416742	2/29/2020	Europe	CzechRepublic
EPI_ISL_402129	12/30/2019	Asia	China
EPI_ISL_402130	12/30/2019	Asia	China
EPI_ISL_402132	12/30/2019	Asia	China
EPI_ISL_402119	12/30/2019	Asia	China
EPI_ISL_402123	12/24/2019	Asia	China
EPI_ISL_402124	12/30/2019	Asia	China
EPI_ISL_402121	12/30/2019	Asia	China
EPI_ISL_402127	12/30/2019	Asia	China
EPI_ISL_402128	12/30/2019	Asia	China
EPI_ISL_402125	12/31/2019	Asia	China
EPI_ISL_415454	2/28/2020	Europe	Switzerland
EPI_ISL_415456	2/29/2020	Europe	Switzerland
EPI_ISL_415455	2/28/2020	Europe	Switzerland
EPI_ISL_415457	2/29/2020	Europe	Switzerland
EPI_ISL_415459	2/29/2020	Europe	Switzerland
EPI_ISL_415128	2/29/2020	SouthAmerica	Brazil
EPI_ISL_415129	2/29/2020	Europe	UnitedKingdom
EPI_ISL_428441	1/29/2020	Asia	China
EPI_ISL_428440	1/18/2020	Asia	China
EPI_ISL_428443	1/21/2020	Asia	China
EPI_ISL_428442	1/30/2020	Asia	China
EPI_ISL_428445	1/30/2020	Asia	China
EPI_ISL_428444	1/30/2020	Asia	China
EPI_ISL_428447	1/21/2020	Asia	China
EPI_ISL_428446	1/31/2020	Asia	China
EPI_ISL_428449	1/20/2020	Asia	China
EPI_ISL_428448	1/21/2020	Asia	China
EPI_ISL_428450	1/22/2020	Asia	China
EPI_ISL_428452	1/23/2020	Asia	China
EPI_ISL_428451	1/22/2020	Asia	China
EPI_ISL_428454	1/22/2020	Asia	China
EPI_ISL_428453	1/22/2020	Asia	China
EPI_ISL_428456	1/22/2020	Asia	China
EPI_ISL_428455	1/23/2020	Asia	China
EPI_ISL_428458	2/6/2020	Asia	China
EPI_ISL_428457	1/23/2020	Asia	China
EPI_ISL_428459	1/23/2020	Asia	China
EPI_ISL_430739	2/6/2020	Asia	China
EPI_ISL_415140	2/29/2020	Europe	UnitedKingdom
EPI_ISL_430738	2/5/2020	Asia	China
EPI_ISL_430737	2/25/2020	Asia	China
EPI_ISL_416474	1/28/2020	Asia	China
EPI_ISL_415141	2/29/2020	Europe	UnitedKingdom
EPI_ISL_415144	2/27/2020	Europe	UnitedKingdom
EPI_ISL_416473	1/26/2020	Asia	China
EPI_ISL_430732	1/29/2020	Asia	China
EPI_ISL_430731	2/4/2020	Asia	China
EPI_ISL_430730	1/31/2020	Asia	China
EPI_ISL_430736	1/29/2020	Asia	China
EPI_ISL_430735	1/24/2020	Asia	China
EPI_ISL_430734	1/24/2020	Asia	China
EPI_ISL_430733	2/4/2020	Asia	China
EPI_ISL_416460	2/29/2020	NorthAmerica	USA
EPI_ISL_415131	2/29/2020	Europe	UnitedKingdom
EPI_ISL_416463	2/24/2020	NorthAmerica	USA
EPI_ISL_415133	2/29/2020	Europe	UnitedKingdom
EPI_ISL_416461	2/29/2020	NorthAmerica	USA
EPI_ISL_415132	2/28/2020	Europe	UnitedKingdom
EPI_ISL_416462	2/24/2020	NorthAmerica	USA
EPI_ISL_415135	2/28/2020	Europe	UnitedKingdom
EPI_ISL_415134	2/29/2020	Europe	UnitedKingdom
EPI_ISL_430742	1/29/2020	Asia	China
EPI_ISL_416465	2/29/2020	NorthAmerica	USA
EPI_ISL_430741	2/10/2020	Asia	China
EPI_ISL_415136	2/29/2020	Europe	UnitedKingdom
EPI_ISL_430740	2/7/2020	Asia	China
EPI_ISL_428489	1/31/2020	Asia	Taiwan
EPI_ISL_428488	1/31/2020	Asia	Taiwan
EPI_ISL_416485	2/27/2020	Europe	Spain
EPI_ISL_416483	2/26/2020	Europe	Spain
EPI_ISL_416484	2/27/2020	Europe	Spain
EPI_ISL_415159	2/29/2020	Europe	Belgium
EPI_ISL_428461	1/24/2020	Asia	China
EPI_ISL_428460	1/23/2020	Asia	China
EPI_ISL_428463	2/17/2020	Asia	China
EPI_ISL_428462	2/17/2020	Asia	China
EPI_ISL_428465	1/24/2020	Asia	China
EPI_ISL_428464	1/25/2020	Asia	China
EPI_ISL_428467	1/26/2020	Asia	China
EPI_ISL_428466	1/26/2020	Asia	China
EPI_ISL_428469	1/27/2020	Asia	China
EPI_ISL_428468	1/26/2020	Asia	China
EPI_ISL_428470	1/27/2020	Asia	China
EPI_ISL_428472	1/28/2020	Asia	China
EPI_ISL_428471	1/27/2020	Asia	China
EPI_ISL_428474	1/28/2020	Asia	China
EPI_ISL_428473	1/27/2020	Asia	China
EPI_ISL_428476	1/28/2020	Asia	China
EPI_ISL_428475	1/28/2020	Asia	China
EPI_ISL_428478	1/29/2020	Asia	China
EPI_ISL_428477	1/28/2020	Asia	China
EPI_ISL_416410	1/24/2020	Oceania	Australia
EPI_ISL_416411	1/25/2020	Oceania	Australia
EPI_ISL_416415	2/8/2020	Oceania	Australia
EPI_ISL_416409	2/2/2020	Asia	China
EPI_ISL_416407	2/15/2020	Asia	China
EPI_ISL_416408	2/12/2020	Asia	China
EPI_ISL_430729	2/7/2020	Asia	China
EPI_ISL_430728	2/2/2020	Asia	China
EPI_ISL_430727	2/1/2020	Asia	China
EPI_ISL_430726	2/7/2020	Asia	China
EPI_ISL_416401	2/2/2020	Asia	China
EPI_ISL_416402	2/11/2020	Asia	China
EPI_ISL_416400	2/2/2020	Asia	China
EPI_ISL_416405	2/2/2020	Asia	China
EPI_ISL_430725	1/29/2020	Asia	China
EPI_ISL_416406	2/15/2020	Asia	China
EPI_ISL_430724	2/8/2020	Asia	China
EPI_ISL_416403	2/2/2020	Asia	China
EPI_ISL_430723	2/1/2020	Asia	China
EPI_ISL_416404	2/9/2020	Asia	China
EPI_ISL_430722	1/29/2020	Asia	China
EPI_ISL_417765	2/27/2020	Europe	Iceland
EPI_ISL_416429	2/11/2020	Asia	Vietnam
EPI_ISL_416427	1/24/2020	Asia	Vietnam
EPI_ISL_416425	2/3/2020	Asia	China
EPI_ISL_416570	2/15/2020	Asia	Japan
EPI_ISL_416573	2/15/2020	Asia	Japan
EPI_ISL_416574	2/15/2020	Asia	Japan
EPI_ISL_416571	2/15/2020	Asia	Japan
EPI_ISL_416572	2/15/2020	Asia	Japan
EPI_ISL_416577	2/15/2020	Asia	Japan
EPI_ISL_416578	2/15/2020	Asia	Japan
EPI_ISL_416575	2/15/2020	Asia	Japan
EPI_ISL_416576	2/15/2020	Asia	Japan
EPI_ISL_416579	2/15/2020	Asia	Japan
EPI_ISL_416566	2/15/2020	Asia	Japan
EPI_ISL_416567	2/15/2020	Asia	Japan
EPI_ISL_416565	2/15/2020	Asia	Japan
EPI_ISL_416568	2/15/2020	Asia	Japan
EPI_ISL_416569	2/15/2020	Asia	Japan
EPI_ISL_416591	2/16/2020	Asia	Japan
EPI_ISL_416592	2/16/2020	Asia	Japan
EPI_ISL_416590	2/16/2020	Asia	Japan
EPI_ISL_416595	2/16/2020	Asia	Japan
EPI_ISL_416596	2/16/2020	Asia	Japan
EPI_ISL_416593	2/16/2020	Asia	Japan
EPI_ISL_416594	2/16/2020	Asia	Japan
EPI_ISL_416599	2/16/2020	Asia	Japan
EPI_ISL_416597	2/16/2020	Asia	Japan
EPI_ISL_416598	2/16/2020	Asia	Japan
EPI_ISL_416580	2/15/2020	Asia	Japan
EPI_ISL_416581	2/15/2020	Asia	Japan
EPI_ISL_416584	2/15/2020	Asia	Japan
EPI_ISL_416585	2/16/2020	Asia	Japan
EPI_ISL_416582	2/15/2020	Asia	Japan
EPI_ISL_416583	2/15/2020	Asia	Japan
EPI_ISL_416588	2/16/2020	Asia	Japan
EPI_ISL_416589	2/16/2020	Asia	Japan
EPI_ISL_416586	2/16/2020	Asia	Japan
EPI_ISL_416587	2/16/2020	Asia	Japan
EPI_ISL_405839	1/11/2020	Asia	China
EPI_ISL_416502	2/26/2020	Europe	France
EPI_ISL_429853	1/28/2020	Asia	China
EPI_ISL_429852	1/25/2020	Asia	China
EPI_ISL_429855	1/31/2020	Asia	China
EPI_ISL_429854	2/1/2020	Asia	China
EPI_ISL_430847	2/27/2020	Europe	Sweden
EPI_ISL_425178	2/28/2020	Europe	Spain
EPI_ISL_425177	1/23/2020	NorthAmerica	Canada
EPI_ISL_426400	2/25/2020	Asia	HongKong
EPI_ISL_426401	2/26/2020	Asia	HongKong
EPI_ISL_426402	2/26/2020	Asia	HongKong
EPI_ISL_426403	2/29/2020	Asia	HongKong
EPI_ISL_414476	2/29/2020	NorthAmerica	USA
EPI_ISL_425118	1/30/2020	Asia	SouthKorea
EPI_ISL_425117	2/23/2020	Asia	SouthKorea
EPI_ISL_414497	2/25/2020	Europe	Germany
EPI_ISL_414499	2/26/2020	Europe	Germany
EPI_ISL_414498	2/26/2020	Europe	Germany
EPI_ISL_414482	2/18/2020	NorthAmerica	USA
EPI_ISL_414484	2/17/2020	NorthAmerica	USA
EPI_ISL_414483	2/17/2020	NorthAmerica	USA
EPI_ISL_414485	2/24/2020	NorthAmerica	USA
EPI_ISL_415700	2/28/2020	Europe	Switzerland
EPI_ISL_415711	1/22/2020	Asia	China
EPI_ISL_415709	1/25/2020	Asia	China
EPI_ISL_415742	2/27/2020	Asia	Taiwan
EPI_ISL_415741	2/26/2020	Asia	Taiwan
EPI_ISL_415743	2/27/2020	Asia	Taiwan
EPI_ISL_414414	2/29/2020	Oceania	Australia
EPI_ISL_413221	2/28/2020	Europe	UnitedKingdom
EPI_ISL_413213	2/29/2020	Oceania	Australia
EPI_ISL_413214	2/29/2020	Oceania	Australia
EPI_ISL_414571	2/22/2020	Asia	HongKong
EPI_ISL_414574	2/28/2020	Europe	Germany
EPI_ISL_414567	2/10/2020	Asia	HongKong
EPI_ISL_414569	2/12/2020	Asia	HongKong
EPI_ISL_414510	2/2/2020	Asia	China
EPI_ISL_414505	2/27/2020	Europe	Germany
EPI_ISL_414504	2/26/2020	Europe	Germany
EPI_ISL_414506	2/27/2020	Europe	Germany
EPI_ISL_414509	2/28/2020	Europe	Germany
EPI_ISL_414508	2/27/2020	Europe	Germany
EPI_ISL_427809	2/26/2020	Asia	SouthKorea
EPI_ISL_414527	2/9/2020	Asia	HongKong
EPI_ISL_414528	2/10/2020	Asia	HongKong
EPI_ISL_427810	2/18/2020	Asia	SouthKorea
EPI_ISL_427811	2/18/2020	Asia	SouthKorea
EPI_ISL_427812	2/19/2020	Asia	SouthKorea
EPI_ISL_427813	2/18/2020	Asia	SouthKorea
EPI_ISL_414523	2/27/2020	Europe	UnitedKingdom
EPI_ISL_414522	2/28/2020	Europe	UnitedKingdom
EPI_ISL_414517	2/25/2020	Asia	HongKong
EPI_ISL_414519	2/24/2020	Asia	HongKong
EPI_ISL_404895	1/19/2020	NorthAmerica	USA
EPI_ISL_428822	2/16/2020	Asia	Singapore
EPI_ISL_416866	1/24/2020	Asia	Malaysia
EPI_ISL_428830	2/27/2020	Asia	Singapore
EPI_ISL_416885	1/30/2020	Asia	Malaysia
EPI_ISL_416886	2/4/2020	Asia	Malaysia
EPI_ISL_416884	1/24/2020	Asia	Malaysia
EPI_ISL_415580	2/28/2020	NorthAmerica	Canada
EPI_ISL_415577	2/20/2020	NorthAmerica	Canada
EPI_ISL_415578	2/27/2020	NorthAmerica	Canada
EPI_ISL_416829	1/24/2020	Asia	Malaysia
EPI_ISL_426380	2/24/2020	Asia	HongKong
EPI_ISL_426381	2/25/2020	Asia	HongKong
EPI_ISL_426382	2/8/2020	Asia	HongKong
EPI_ISL_426383	2/1/2020	Asia	HongKong
EPI_ISL_426384	2/8/2020	Asia	HongKong
EPI_ISL_426385	2/9/2020	Asia	HongKong
EPI_ISL_426386	2/9/2020	Asia	HongKong
EPI_ISL_426387	2/9/2020	Asia	HongKong
EPI_ISL_426388	2/9/2020	Asia	HongKong
EPI_ISL_426389	2/9/2020	Asia	HongKong
EPI_ISL_414380	2/13/2020	Asia	Singapore
EPI_ISL_426390	2/9/2020	Asia	HongKong
EPI_ISL_426391	2/10/2020	Asia	HongKong
EPI_ISL_426392	2/11/2020	Asia	HongKong
EPI_ISL_426393	2/11/2020	Asia	HongKong
EPI_ISL_426394	2/22/2020	Asia	HongKong
EPI_ISL_426395	2/22/2020	Asia	HongKong
EPI_ISL_426396	2/22/2020	Asia	HongKong
EPI_ISL_426397	2/23/2020	Asia	HongKong
EPI_ISL_426398	2/24/2020	Asia	HongKong
EPI_ISL_426399	2/24/2020	Asia	HongKong
EPI_ISL_415641	2/27/2020	Asia	Georgia
EPI_ISL_415644	2/28/2020	Asia	Georgia
EPI_ISL_427643	2/28/2020	Oceania	Australia
EPI_ISL_413020	2/27/2020	Europe	Switzerland
EPI_ISL_413021	2/29/2020	Europe	Switzerland
EPI_ISL_413022	2/29/2020	Europe	Switzerland
EPI_ISL_413023	2/29/2020	Europe	Switzerland
EPI_ISL_413024	2/29/2020	Europe	Switzerland
EPI_ISL_413025	2/27/2020	NorthAmerica	USA
EPI_ISL_413019	2/26/2020	Europe	Switzerland
EPI_ISL_413015	1/23/2020	NorthAmerica	Canada
EPI_ISL_413016	2/28/2020	SouthAmerica	Brazil
EPI_ISL_413017	2/6/2020	Asia	SouthKorea
EPI_ISL_413018	2/6/2020	Asia	SouthKorea
EPI_ISL_414378	2/17/2020	Asia	Singapore
EPI_ISL_414379	2/18/2020	Asia	Singapore
EPI_ISL_415698	2/27/2020	Europe	Switzerland
EPI_ISL_415699	2/27/2020	Europe	Switzerland
EPI_ISL_416907	2/6/2020	Asia	Malaysia
EPI_ISL_417142	2/29/2020	NorthAmerica	USA
EPI_ISL_417145	2/29/2020	NorthAmerica	USA
EPI_ISL_417146	2/29/2020	NorthAmerica	USA
EPI_ISL_417143	2/29/2020	NorthAmerica	USA
EPI_ISL_420791	2/29/2020	NorthAmerica	USA
EPI_ISL_417149	2/28/2020	NorthAmerica	USA
EPI_ISL_417147	2/28/2020	NorthAmerica	USA
EPI_ISL_417148	2/28/2020	NorthAmerica	USA
EPI_ISL_417134	2/26/2020	NorthAmerica	USA
EPI_ISL_417135	2/22/2020	NorthAmerica	USA
EPI_ISL_430126	2/26/2020	NorthAmerica	USA
EPI_ISL_417137	2/21/2020	NorthAmerica	USA
EPI_ISL_430131	2/22/2020	NorthAmerica	USA
EPI_ISL_417161	2/29/2020	NorthAmerica	USA
EPI_ISL_417168	2/29/2020	NorthAmerica	USA
EPI_ISL_417166	2/29/2020	NorthAmerica	USA
EPI_ISL_417160	2/29/2020	NorthAmerica	USA
EPI_ISL_417152	2/28/2020	NorthAmerica	USA
EPI_ISL_417153	2/29/2020	NorthAmerica	USA
EPI_ISL_417150	2/28/2020	NorthAmerica	USA
EPI_ISL_417151	2/29/2020	NorthAmerica	USA
EPI_ISL_417156	2/28/2020	NorthAmerica	USA
EPI_ISL_417154	2/28/2020	NorthAmerica	USA
EPI_ISL_417155	2/28/2020	NorthAmerica	USA
EPI_ISL_417158	2/28/2020	NorthAmerica	USA
EPI_ISL_417159	2/29/2020	NorthAmerica	USA
EPI_ISL_420796	2/29/2020	NorthAmerica	USA
EPI_ISL_420799	2/27/2020	Asia	SouthKorea
EPI_ISL_417185	2/9/2020	Asia	HongKong
EPI_ISL_417183	1/30/2020	Asia	HongKong
EPI_ISL_417184	2/8/2020	Asia	HongKong
EPI_ISL_417187	2/8/2020	Asia	HongKong
EPI_ISL_417188	2/8/2020	Asia	HongKong
EPI_ISL_430160	2/29/2020	NorthAmerica	USA
EPI_ISL_417181	2/5/2020	Asia	HongKong
EPI_ISL_417182	2/5/2020	Asia	HongKong
EPI_ISL_417180	2/3/2020	Asia	HongKong
EPI_ISL_417172	2/29/2020	NorthAmerica	USA
EPI_ISL_417178	1/25/2020	Asia	HongKong
EPI_ISL_417179	1/30/2020	Asia	HongKong
EPI_ISL_417176	1/21/2020	Asia	HongKong
EPI_ISL_417177	1/23/2020	Asia	HongKong
EPI_ISL_430135	2/29/2020	NorthAmerica	USA
EPI_ISL_417197	2/9/2020	Asia	HongKong
EPI_ISL_417195	2/9/2020	Asia	HongKong
EPI_ISL_417199	2/9/2020	Asia	HongKong
EPI_ISL_417193	2/9/2020	Asia	HongKong
EPI_ISL_417190	2/8/2020	Asia	HongKong
EPI_ISL_419735	2/24/2020	Oceania	Australia
EPI_ISL_419734	2/2/2020	Oceania	Australia
EPI_ISL_419733	1/31/2020	Oceania	Australia
EPI_ISL_417101	2/29/2020	NorthAmerica	USA
EPI_ISL_417100	2/29/2020	NorthAmerica	USA
EPI_ISL_417108	2/29/2020	NorthAmerica	USA
EPI_ISL_429101	1/27/2020	Asia	China
EPI_ISL_429100	1/27/2020	Asia	China
EPI_ISL_429103	2/9/2020	Asia	China
EPI_ISL_429102	1/27/2020	Asia	China
EPI_ISL_429105	1/29/2020	Asia	China
EPI_ISL_429104	2/1/2020	Asia	China
EPI_ISL_418442	1/21/2020	Asia	China
EPI_ISL_418441	1/21/2020	Asia	China
EPI_ISL_429091	2/8/2020	Asia	China
EPI_ISL_429090	2/8/2020	Asia	China
EPI_ISL_429093	2/8/2020	Asia	China
EPI_ISL_429092	2/8/2020	Asia	China
EPI_ISL_429095	2/8/2020	Asia	China
EPI_ISL_429094	2/8/2020	Asia	China
EPI_ISL_429097	1/29/2020	Asia	China
EPI_ISL_429096	1/29/2020	Asia	China
EPI_ISL_429099	1/29/2020	Asia	China
EPI_ISL_429098	1/29/2020	Asia	China
EPI_ISL_417097	2/28/2020	NorthAmerica	USA
EPI_ISL_417098	2/29/2020	NorthAmerica	USA
EPI_ISL_417095	2/28/2020	NorthAmerica	USA
EPI_ISL_417096	2/27/2020	NorthAmerica	USA
EPI_ISL_417099	2/29/2020	NorthAmerica	USA
EPI_ISL_417093	2/28/2020	NorthAmerica	USA
EPI_ISL_417094	2/28/2020	NorthAmerica	USA
EPI_ISL_429075	2/7/2020	Asia	China
EPI_ISL_429074	2/7/2020	Asia	China
EPI_ISL_429077	2/7/2020	Asia	China
EPI_ISL_429076	2/7/2020	Asia	China
EPI_ISL_429079	2/5/2020	Asia	China
EPI_ISL_429078	2/7/2020	Asia	China
EPI_ISL_429080	2/5/2020	Asia	China
EPI_ISL_429082	2/5/2020	Asia	China
EPI_ISL_429081	2/5/2020	Asia	China
EPI_ISL_429084	2/5/2020	Asia	China
EPI_ISL_429083	2/5/2020	Asia	China
EPI_ISL_429086	2/1/2020	Asia	China
EPI_ISL_429085	2/1/2020	Asia	China
EPI_ISL_429088	2/1/2020	Asia	China
EPI_ISL_429089	2/8/2020	Asia	China
EPI_ISL_430281	2/29/2020	NorthAmerica	USA
EPI_ISL_430295	2/25/2020	NorthAmerica	USA
EPI_ISL_430292	2/24/2020	NorthAmerica	USA
EPI_ISL_430273	2/29/2020	NorthAmerica	USA
EPI_ISL_430272	2/28/2020	NorthAmerica	USA
EPI_ISL_418510	1/23/2020	Asia	China
EPI_ISL_418514	1/25/2020	Asia	China
EPI_ISL_418513	1/25/2020	Asia	China
EPI_ISL_418512	1/25/2020	Asia	China
EPI_ISL_418511	1/24/2020	Asia	China
EPI_ISL_418515	1/25/2020	Asia	China
EPI_ISL_418509	1/23/2020	Asia	China
EPI_ISL_406531	1/22/2020	Asia	China
EPI_ISL_418508	1/23/2020	Asia	China
EPI_ISL_406536	1/22/2020	Asia	China
EPI_ISL_406538	1/23/2020	Asia	China
EPI_ISL_406533	1/22/2020	Asia	China
EPI_ISL_406534	1/22/2020	Asia	China
EPI_ISL_406535	1/22/2020	Asia	China
EPI_ISL_418503	1/22/2020	Asia	China
EPI_ISL_419833	2/21/2020	Oceania	Australia
EPI_ISL_418502	1/22/2020	Asia	China
EPI_ISL_419832	2/20/2020	Oceania	Australia
EPI_ISL_419831	2/20/2020	Oceania	Australia
EPI_ISL_418507	1/21/2020	Asia	China
EPI_ISL_418506	1/21/2020	Asia	China
EPI_ISL_419835	2/22/2020	Oceania	Australia
EPI_ISL_418504	1/21/2020	Asia	China
EPI_ISL_417215	2/25/2020	Europe	UnitedKingdom
EPI_ISL_417216	2/25/2020	Europe	UnitedKingdom
EPI_ISL_407893	1/24/2020	Oceania	Australia
EPI_ISL_407894	1/28/2020	Oceania	Australia
EPI_ISL_407896	1/30/2020	Oceania	Australia
EPI_ISL_406594	1/16/2020	Asia	China
EPI_ISL_406595	1/16/2020	Asia	China
EPI_ISL_406596	1/23/2020	Europe	France
EPI_ISL_406597	1/23/2020	Europe	France
EPI_ISL_406592	1/13/2020	Asia	China
EPI_ISL_406593	1/13/2020	Asia	China
EPI_ISL_420889	2/14/2020	Asia	Japan
EPI_ISL_420801	2/29/2020	Asia	SouthKorea
EPI_ISL_420800	2/29/2020	Asia	SouthKorea
EPI_ISL_419562	2/29/2020	Europe	Luxembourg
EPI_ISL_419560	2/28/2020	NorthAmerica	USA
EPI_ISL_418220	2/28/2020	Europe	France
EPI_ISL_419555	2/27/2020	NorthAmerica	USA
EPI_ISL_419554	2/26/2020	NorthAmerica	USA
EPI_ISL_419553	2/28/2020	NorthAmerica	USA
EPI_ISL_419559	2/28/2020	NorthAmerica	USA
EPI_ISL_419558	2/27/2020	NorthAmerica	USA
EPI_ISL_419557	2/29/2020	NorthAmerica	USA
EPI_ISL_419556	2/29/2020	NorthAmerica	USA
EPI_ISL_418251	2/25/2020	Europe	Spain
EPI_ISL_418243	2/28/2020	Europe	Spain
EPI_ISL_418247	2/26/2020	Europe	Spain
EPI_ISL_418267	1/22/2020	Asia	Vietnam
EPI_ISL_418269	1/22/2020	Asia	Vietnam
EPI_ISL_418219	2/26/2020	Europe	France
EPI_ISL_418218	2/21/2020	Europe	France
EPI_ISL_418206	2/28/2020	Africa	Senegal
EPI_ISL_406223	1/22/2020	NorthAmerica	USA
EPI_ISL_419687	2/27/2020	Europe	Spain
EPI_ISL_419689	2/27/2020	Europe	Spain
EPI_ISL_417030	1/24/2020	Oceania	Australia
EPI_ISL_417064	1/21/2020	Asia	HongKong
EPI_ISL_417083	2/28/2020	NorthAmerica	USA
EPI_ISL_408978	2/7/2020	Asia	China
EPI_ISL_408975	1/22/2020	Asia	HongKong
EPI_ISL_408977	1/25/2020	Oceania	Australia
EPI_ISL_408976	1/22/2020	Oceania	Australia
EPI_ISL_408995	1/24/2020	Asia	HongKong
EPI_ISL_408994	1/21/2020	Asia	HongKong
EPI_ISL_408997	1/24/2020	Asia	HongKong
EPI_ISL_408996	1/24/2020	Asia	HongKong
EPI_ISL_408999	1/25/2020	Asia	HongKong
EPI_ISL_408998	1/25/2020	Asia	HongKong
EPI_ISL_419656	2/26/2020	Europe	Austria
EPI_ISL_419655	2/26/2020	Europe	Austria
EPI_ISL_404228	1/17/2020	Asia	China
EPI_ISL_404227	1/16/2020	Asia	China
EPI_ISL_404253	1/21/2020	NorthAmerica	USA
EPI_ISL_406801	1/5/2020	Asia	China
EPI_ISL_418815	2/9/2020	Asia	HongKong
EPI_ISL_418809	2/1/2020	Asia	Japan
EPI_ISL_406844	1/25/2020	Oceania	Australia
EPI_ISL_417518	2/4/2020	Asia	Taiwan
EPI_ISL_406862	1/28/2020	Europe	Germany
EPI_ISL_418990	2/3/2020	Asia	China
EPI_ISL_416331	1/30/2020	Asia	China
EPI_ISL_418994	1/29/2020	Asia	Singapore
EPI_ISL_416332	1/30/2020	Asia	China
EPI_ISL_418993	1/29/2020	Asia	Singapore
EPI_ISL_418992	2/10/2020	Asia	Singapore
EPI_ISL_416330	2/2/2020	Asia	China
EPI_ISL_418991	2/4/2020	Asia	China
EPI_ISL_416335	2/2/2020	Asia	China
EPI_ISL_418998	2/14/2020	Asia	Singapore
EPI_ISL_416336	2/1/2020	Asia	China
EPI_ISL_418997	2/6/2020	Asia	Singapore
EPI_ISL_416333	1/30/2020	Asia	China
EPI_ISL_418996	1/27/2020	Asia	Singapore
EPI_ISL_416334	2/6/2020	Asia	China
EPI_ISL_418995	2/28/2020	Asia	Singapore
EPI_ISL_416339	2/3/2020	Asia	China
EPI_ISL_416337	2/4/2020	Asia	China
EPI_ISL_416338	2/1/2020	Asia	China
EPI_ISL_416320	1/28/2020	Asia	China
EPI_ISL_416321	1/28/2020	Asia	China
EPI_ISL_416324	1/29/2020	Asia	China
EPI_ISL_416325	2/2/2020	Asia	China
EPI_ISL_416322	1/29/2020	Asia	China
EPI_ISL_416323	1/29/2020	Asia	China
EPI_ISL_416328	2/1/2020	Asia	China
EPI_ISL_416329	2/1/2020	Asia	China
EPI_ISL_416326	1/30/2020	Asia	China
EPI_ISL_416327	1/28/2020	Asia	China
EPI_ISL_416319	1/28/2020	Asia	China
EPI_ISL_416350	1/29/2020	Asia	China
EPI_ISL_416353	2/4/2020	Asia	China
EPI_ISL_416354	2/4/2020	Asia	China
EPI_ISL_416351	2/6/2020	Asia	China
EPI_ISL_416352	1/30/2020	Asia	China
EPI_ISL_416357	2/1/2020	Asia	China
EPI_ISL_416358	2/5/2020	Asia	China
EPI_ISL_416355	2/4/2020	Asia	China
EPI_ISL_416356	2/1/2020	Asia	China
EPI_ISL_416359	2/6/2020	Asia	China
EPI_ISL_416342	2/4/2020	Asia	China
EPI_ISL_416343	2/4/2020	Asia	China
EPI_ISL_416340	2/2/2020	Asia	China
EPI_ISL_416341	2/1/2020	Asia	China
EPI_ISL_416346	1/30/2020	Asia	China
EPI_ISL_416347	2/6/2020	Asia	China
EPI_ISL_416344	1/30/2020	Asia	China
EPI_ISL_416345	2/4/2020	Asia	China
EPI_ISL_416348	2/6/2020	Asia	China
EPI_ISL_416349	1/30/2020	Asia	China
EPI_ISL_416371	2/5/2020	Asia	China
EPI_ISL_416372	2/1/2020	Asia	China
EPI_ISL_416370	2/1/2020	Asia	China
EPI_ISL_416375	2/1/2020	Asia	China
EPI_ISL_416376	2/5/2020	Asia	China
EPI_ISL_416373	2/7/2020	Asia	China
EPI_ISL_416374	2/7/2020	Asia	China
EPI_ISL_416379	2/1/2020	Asia	China
EPI_ISL_416377	2/7/2020	Asia	China
EPI_ISL_416378	1/30/2020	Asia	China
EPI_ISL_416360	2/1/2020	Asia	China
EPI_ISL_416361	2/1/2020	Asia	China
EPI_ISL_416364	2/8/2020	Asia	China
EPI_ISL_416365	1/30/2020	Asia	China
EPI_ISL_416362	2/2/2020	Asia	China
EPI_ISL_416363	2/8/2020	Asia	China
EPI_ISL_416368	2/5/2020	Asia	China
EPI_ISL_416369	2/5/2020	Asia	China
EPI_ISL_416366	1/30/2020	Asia	China
EPI_ISL_416367	2/1/2020	Asia	China
EPI_ISL_416393	2/9/2020	Asia	China
EPI_ISL_416394	2/14/2020	Asia	China
EPI_ISL_416391	2/2/2020	Asia	China
EPI_ISL_416392	2/2/2020	Asia	China
EPI_ISL_416397	2/2/2020	Asia	China
EPI_ISL_416398	2/2/2020	Asia	China
EPI_ISL_416395	2/9/2020	Asia	China
EPI_ISL_416396	2/10/2020	Asia	China
EPI_ISL_416399	2/13/2020	Asia	China
EPI_ISL_416390	1/31/2020	Asia	China
EPI_ISL_416382	2/8/2020	Asia	China
EPI_ISL_416383	2/1/2020	Asia	China
EPI_ISL_416380	2/9/2020	Asia	China
EPI_ISL_416381	2/1/2020	Asia	China
EPI_ISL_416386	1/31/2020	Asia	China
EPI_ISL_416387	2/1/2020	Asia	China
EPI_ISL_416384	2/4/2020	Asia	China
EPI_ISL_416385	1/30/2020	Asia	China
EPI_ISL_416388	2/5/2020	Asia	China
EPI_ISL_416389	1/21/2020	Asia	China
EPI_ISL_406970	1/20/2020	Asia	China
EPI_ISL_406973	1/23/2020	Asia	Singapore
EPI_ISL_416314	2/7/2020	Asia	HongKong
EPI_ISL_416317	1/25/2020	Asia	China
EPI_ISL_416318	1/28/2020	Asia	China
EPI_ISL_416315	2/19/2020	Asia	HongKong
EPI_ISL_416316	1/25/2020	Asia	China
EPI_ISL_416042	1/26/2020	Asia	China
EPI_ISL_416046	1/24/2020	Asia	China
EPI_ISL_416044	1/25/2020	Asia	China
EPI_ISL_416047	2/2/2020	Asia	China
EPI_ISL_407988	2/1/2020	Asia	Singapore
EPI_ISL_407987	1/25/2020	Asia	Singapore
EPI_ISL_407976	2/3/2020	Europe	Belgium
EPI_ISL_417318	2/29/2020	NorthAmerica	USA
EPI_ISL_417490	2/27/2020	Europe	Norway
EPI_ISL_431785	1/23/2020	Asia	China
EPI_ISL_430469	2/29/2020	Europe	Greece
EPI_ISL_417443	1/22/2020	Asia	HongKong
EPI_ISL_417446	2/24/2020	Europe	Italy
EPI_ISL_417447	2/24/2020	Europe	Italy
EPI_ISL_417445	2/24/2020	Europe	Italy
EPI_ISL_406798	12/26/2019	Asia	China
EPI_ISL_406799	12/31/2019	Asia	China
EPI_ISL_418799	2/28/2020	Oceania	Australia
EPI_ISL_430442	2/29/2020	Asia	Malaysia
EPI_ISL_430441	2/29/2020	Asia	Malaysia
EPI_ISL_430444	2/12/2020	Asia	Malaysia
EPI_ISL_430443	1/28/2020	Asia	Malaysia
EPI_ISL_417483	2/27/2020	Europe	Norway
EPI_ISL_417484	2/26/2020	Europe	Norway
EPI_ISL_417488	2/29/2020	Europe	Norway
EPI_ISL_417489	2/29/2020	Europe	Norway
EPI_ISL_416142	2/26/2020	Europe	Denmark
EPI_ISL_416143	2/28/2020	Europe	Denmark
EPI_ISL_406716	1/2/2020	Asia	China
EPI_ISL_406717	1/2/2020	Asia	China
EPI_ISL_423802	2/23/2020	Europe	UnitedKingdom
EPI_ISL_410532	1/23/2020	Asia	Japan
EPI_ISL_410531	1/25/2020	Asia	Japan
EPI_ISL_410546	1/31/2020	Europe	Italy
EPI_ISL_410545	1/29/2020	Europe	Italy
EPI_ISL_410537	2/9/2020	Asia	Singapore
EPI_ISL_410536	2/6/2020	Asia	Singapore
EPI_ISL_410535	2/3/2020	Asia	Singapore
EPI_ISL_421223	1/23/2020	Asia	China
EPI_ISL_421224	1/23/2020	Asia	China
EPI_ISL_410486	2/8/2020	Europe	France
EPI_ISL_411960	1/23/2020	Asia	China
EPI_ISL_411961	1/25/2020	Asia	China
EPI_ISL_411962	1/26/2020	Asia	China
EPI_ISL_411952	1/24/2020	Asia	China
EPI_ISL_411953	1/24/2020	Asia	China
EPI_ISL_411954	2/6/2020	NorthAmerica	USA
EPI_ISL_411955	2/10/2020	NorthAmerica	USA
EPI_ISL_411956	2/11/2020	NorthAmerica	USA
EPI_ISL_411957	1/8/2020	Asia	China
EPI_ISL_411958	1/22/2020	Asia	China
EPI_ISL_411959	1/23/2020	Asia	China
EPI_ISL_411950	1/23/2020	Asia	China
EPI_ISL_411951	2/7/2020	Europe	Sweden
EPI_ISL_411949	1/16/2020	Asia	China
EPI_ISL_411963	1/28/2020	Asia	China
EPI_ISL_411964	1/30/2020	Asia	China
EPI_ISL_411965	1/30/2020	Asia	China
EPI_ISL_411966	1/31/2020	Asia	China
EPI_ISL_411967	2/6/2020	Asia	China
EPI_ISL_419000	2/13/2020	Asia	Singapore
EPI_ISL_411915	1/25/2020	Asia	Taiwan
EPI_ISL_411902	1/27/2020	Asia	Cambodia
EPI_ISL_411926	1/24/2020	Asia	Taiwan
EPI_ISL_411927	1/28/2020	Asia	Taiwan
EPI_ISL_421245	1/25/2020	Asia	China
EPI_ISL_421246	2/26/2020	Asia	China
EPI_ISL_421243	1/21/2020	Asia	China
EPI_ISL_421244	1/22/2020	Asia	China
EPI_ISL_421241	1/30/2020	Asia	China
EPI_ISL_421242	1/25/2020	Asia	China
EPI_ISL_421240	2/5/2020	Asia	China
EPI_ISL_421238	1/29/2020	Asia	China
EPI_ISL_421239	1/26/2020	Asia	China
EPI_ISL_421236	1/20/2020	Asia	China
EPI_ISL_421237	1/22/2020	Asia	China
EPI_ISL_421234	1/21/2020	Asia	China
EPI_ISL_421235	1/20/2020	Asia	China
EPI_ISL_421232	1/21/2020	Asia	China
EPI_ISL_421233	1/21/2020	Asia	China
EPI_ISL_421230	1/21/2020	Asia	China
EPI_ISL_421231	1/21/2020	Asia	China
EPI_ISL_421229	1/21/2020	Asia	China
EPI_ISL_421227	1/21/2020	Asia	China
EPI_ISL_421228	1/21/2020	Asia	China
EPI_ISL_421225	1/22/2020	Asia	China
EPI_ISL_421226	1/22/2020	Asia	China
EPI_ISL_421261	1/29/2020	Asia	China
EPI_ISL_421262	1/29/2020	Asia	China
EPI_ISL_421260	1/26/2020	Asia	China
EPI_ISL_421258	2/8/2020	Asia	China
EPI_ISL_421259	1/27/2020	Asia	China
EPI_ISL_421256	1/27/2020	Asia	China
EPI_ISL_421257	2/2/2020	Asia	China
EPI_ISL_421254	2/3/2020	Asia	China
EPI_ISL_421252	1/11/2020	Asia	China
EPI_ISL_421253	1/26/2020	Asia	China
EPI_ISL_421250	2/3/2020	Asia	China
EPI_ISL_421251	2/3/2020	Asia	China
EPI_ISL_421249	1/25/2020	Asia	China
EPI_ISL_421247	1/27/2020	Asia	China
EPI_ISL_421248	1/23/2020	Asia	China
EPI_ISL_412912	2/25/2020	Europe	Germany
EPI_ISL_412970	2/24/2020	NorthAmerica	USA
EPI_ISL_412971	2/25/2020	Europe	Finland
EPI_ISL_412972	2/27/2020	NorthAmerica	Mexico
EPI_ISL_412973	2/20/2020	Europe	Italy
EPI_ISL_412974	1/29/2020	Europe	Italy
EPI_ISL_412964	2/25/2020	SouthAmerica	Brazil
EPI_ISL_412965	2/16/2020	NorthAmerica	Canada
EPI_ISL_412966	2/5/2020	Asia	China
EPI_ISL_412967	1/29/2020	Asia	China
EPI_ISL_412968	2/10/2020	Asia	Japan
EPI_ISL_412969	2/10/2020	Asia	Japan
EPI_ISL_410301	1/13/2020	Asia	Nepal
EPI_ISL_408010	1/29/2020	NorthAmerica	USA
EPI_ISL_412980	1/18/2020	Asia	China
EPI_ISL_412981	1/18/2020	Asia	China
EPI_ISL_412982	2/7/2020	Asia	China
EPI_ISL_412983	2/8/2020	Asia	China
EPI_ISL_412975	2/28/2020	Oceania	Australia
EPI_ISL_412978	1/17/2020	Asia	China
EPI_ISL_412979	1/18/2020	Asia	China
EPI_ISL_408009	1/29/2020	NorthAmerica	USA
EPI_ISL_408008	1/29/2020	NorthAmerica	USA
EPI_ISL_412900	12/30/2019	Asia	China
EPI_ISL_410218	2/5/2020	Asia	Taiwan
EPI_ISL_412898	12/30/2019	Asia	China
EPI_ISL_412899	12/30/2019	Asia	China
EPI_ISL_422428	2/6/2020	Asia	Singapore
EPI_ISL_422429	2/16/2020	Asia	Singapore
EPI_ISL_422425	1/24/2020	Asia	China
EPI_ISL_423662	2/23/2020	Europe	UnitedKingdom
EPI_ISL_410984	1/29/2020	Europe	France
EPI_ISL_408670	1/31/2020	NorthAmerica	USA
EPI_ISL_408665	1/29/2020	Asia	Japan
EPI_ISL_408667	1/31/2020	Asia	Japan
EPI_ISL_408666	1/31/2020	Asia	Japan
EPI_ISL_408669	1/29/2020	Asia	Japan
EPI_ISL_408668	1/24/2020	Asia	Vietnam
EPI_ISL_406034	1/23/2020	NorthAmerica	USA
EPI_ISL_406036	1/22/2020	NorthAmerica	USA
EPI_ISL_406030	1/10/2020	Asia	China
EPI_ISL_406031	1/23/2020	Asia	Taiwan
EPI_ISL_407313	1/19/2020	Asia	China
EPI_ISL_420456	2/22/2020	Oceania	Australia
EPI_ISL_408431	1/29/2020	Europe	France
EPI_ISL_408430	1/29/2020	Europe	France
EPI_ISL_408478	1/21/2020	Asia	China
EPI_ISL_408479	1/23/2020	Asia	China
EPI_ISL_420135	2/28/2020	Europe	Norway
EPI_ISL_420134	2/28/2020	Europe	Norway
EPI_ISL_408481	1/18/2020	Asia	China
EPI_ISL_408480	1/17/2020	Asia	China
EPI_ISL_408487	1/20/2020	Asia	China
EPI_ISL_408486	1/11/2020	Asia	China
EPI_ISL_408489	1/31/2020	Asia	Taiwan
EPI_ISL_408488	1/19/2020	Asia	China
EPI_ISL_408483	1/20/2020	Asia	China
EPI_ISL_408482	1/19/2020	Asia	China
EPI_ISL_408485	1/18/2020	Asia	China
EPI_ISL_408484	1/15/2020	Asia	China
EPI_ISL_410720	1/23/2020	Europe	France
EPI_ISL_410719	2/2/2020	Asia	Singapore
EPI_ISL_410718	2/5/2020	Oceania	Australia
EPI_ISL_410717	2/5/2020	Oceania	Australia
EPI_ISL_410716	2/4/2020	Asia	Singapore
EPI_ISL_410715	2/4/2020	Asia	Singapore
EPI_ISL_410714	2/3/2020	Asia	Singapore
EPI_ISL_410713	1/27/2020	Asia	Singapore
EPI_ISL_407084	1/25/2020	Asia	Japan
EPI_ISL_407071	1/29/2020	Europe	UnitedKingdom
EPI_ISL_407073	1/29/2020	Europe	UnitedKingdom
EPI_ISL_407079	1/29/2020	Europe	Finland
EPI_ISL_407214	1/25/2020	NorthAmerica	USA
EPI_ISL_407215	1/25/2020	NorthAmerica	USA
EPI_ISL_419221	2/11/2020	Asia	HongKong
EPI_ISL_419225	2/13/2020	Asia	HongKong
EPI_ISL_419224	2/13/2020	Asia	HongKong
EPI_ISL_419223	2/11/2020	Asia	HongKong
EPI_ISL_419222	2/11/2020	Asia	HongKong
EPI_ISL_419229	2/17/2020	Asia	HongKong
EPI_ISL_419228	2/17/2020	Asia	HongKong
EPI_ISL_419227	2/15/2020	Asia	HongKong
EPI_ISL_419226	2/13/2020	Asia	HongKong
EPI_ISL_419214	2/10/2020	Asia	HongKong
EPI_ISL_419213	2/9/2020	Asia	HongKong
EPI_ISL_419211	2/23/2020	Asia	Israel
EPI_ISL_419218	2/10/2020	Asia	HongKong
EPI_ISL_419217	2/10/2020	Asia	HongKong
EPI_ISL_419216	2/10/2020	Asia	HongKong
EPI_ISL_419215	2/10/2020	Asia	HongKong
EPI_ISL_419219	2/10/2020	Asia	HongKong
EPI_ISL_419243	2/22/2020	Asia	HongKong
EPI_ISL_419242	2/23/2020	Asia	HongKong
EPI_ISL_419241	2/19/2020	Asia	HongKong
EPI_ISL_419247	2/24/2020	Asia	HongKong
EPI_ISL_419246	2/23/2020	Asia	HongKong
EPI_ISL_419245	2/22/2020	Asia	HongKong
EPI_ISL_419244	2/22/2020	Asia	HongKong
EPI_ISL_419249	2/25/2020	Asia	HongKong
EPI_ISL_419248	2/24/2020	Asia	HongKong
EPI_ISL_419232	2/19/2020	Asia	HongKong
EPI_ISL_419231	2/19/2020	Asia	HongKong
EPI_ISL_419253	2/26/2020	Asia	HongKong
EPI_ISL_419252	2/26/2020	Asia	HongKong
EPI_ISL_419251	2/26/2020	Asia	HongKong
EPI_ISL_419250	2/26/2020	Asia	HongKong
EPI_ISL_407193	1/25/2020	Asia	SouthKorea
EPI_ISL_434534	12/30/2019	Asia	China
EPI_ISL_434563	1/23/2020	Asia	HongKong
EPI_ISL_434564	1/24/2020	Asia	HongKong
EPI_ISL_434565	1/24/2020	Asia	HongKong
EPI_ISL_434566	1/27/2020	Asia	HongKong
EPI_ISL_434567	1/27/2020	Asia	HongKong
EPI_ISL_434568	1/29/2020	Asia	HongKong
EPI_ISL_434569	1/27/2020	Asia	HongKong
EPI_ISL_434570	1/29/2020	Asia	HongKong
EPI_ISL_434571	1/22/2020	Asia	HongKong
EPI_ISL_434692	1/5/2020	Asia	Thailand
EPI_ISL_434693	1/16/2020	Asia	Thailand
EPI_ISL_434694	1/22/2020	Asia	Thailand
EPI_ISL_434695	1/22/2020	Asia	Thailand
EPI_ISL_434696	1/24/2020	Asia	Thailand
EPI_ISL_435121	2/25/2020	Asia	UnitedArabEmirates
EPI_ISL_435126	2/25/2020	Asia	UnitedArabEmirates
EPI_ISL_435131	2/25/2020	Asia	UnitedArabEmirates
EPI_ISL_435134	2/8/2020	Asia	UnitedArabEmirates
EPI_ISL_435135	2/25/2020	Asia	UnitedArabEmirates
EPI_ISL_435137	1/29/2020	Asia	UnitedArabEmirates
EPI_ISL_435138	2/25/2020	Asia	UnitedArabEmirates
EPI_ISL_435139	2/25/2020	Asia	UnitedArabEmirates
EPI_ISL_435580	2/26/2020	NorthAmerica	USA
EPI_ISL_435581	2/28/2020	NorthAmerica	USA
EPI_ISL_435582	2/28/2020	NorthAmerica	USA
EPI_ISL_435583	2/29/2020	NorthAmerica	USA
EPI_ISL_435584	2/29/2020	NorthAmerica	USA
EPI_ISL_435585	2/29/2020	NorthAmerica	USA
EPI_ISL_435587	2/29/2020	NorthAmerica	USA
EPI_ISL_436361	2/29/2020	Europe	Spain
EPI_ISL_437612	1/23/2020	Asia	Thailand
EPI_ISL_437613	2/25/2020	Asia	Thailand
EPI_ISL_437614	2/25/2020	Asia	Thailand
EPI_ISL_437615	2/22/2020	Asia	Thailand
EPI_ISL_437616	2/7/2020	Asia	Thailand
EPI_ISL_437617	2/3/2020	Asia	Thailand
EPI_ISL_437618	1/29/2020	Asia	Thailand
EPI_ISL_437619	1/26/2020	Asia	Thailand
EPI_ISL_437620	1/25/2020	Asia	Thailand
EPI_ISL_437621	1/25/2020	Asia	Thailand
EPI_ISL_437622	1/23/2020	Asia	Thailand
EPI_ISL_437623	1/8/2020	Asia	Thailand
EPI_ISL_437624	2/1/2020	Asia	Thailand
EPI_ISL_437689	2/27/2020	Europe	France
EPI_ISL_437690	2/29/2020	Europe	France
EPI_ISL_437932	2/24/2020	Europe	Austria
EPI_ISL_437993	2/27/2020	Europe	Austria
EPI_ISL_437994	2/28/2020	Europe	Austria
EPI_ISL_437995	2/28/2020	Europe	Austria
EPI_ISL_440483	2/28/2020	Europe	UnitedKingdom
EPI_ISL_440486	2/27/2020	Europe	UnitedKingdom
EPI_ISL_440499	2/26/2020	Europe	UnitedKingdom
EPI_ISL_440514	2/28/2020	Europe	UnitedKingdom
EPI_ISL_444273	2/5/2020	Asia	China
EPI_ISL_444274	2/29/2020	Asia	Taiwan
EPI_ISL_447252	2/25/2020	Asia	Taiwan
EPI_ISL_447909	1/13/2020	Asia	Thailand
EPI_ISL_447910	1/15/2020	Asia	Thailand
EPI_ISL_447911	1/24/2020	Asia	Thailand
EPI_ISL_447912	1/25/2020	Asia	Thailand
EPI_ISL_447913	1/31/2020	Asia	Thailand
EPI_ISL_447914	1/25/2020	Asia	Thailand
EPI_ISL_447915	1/26/2020	Asia	Thailand
EPI_ISL_447916	1/29/2020	Asia	Thailand
EPI_ISL_447917	1/29/2020	Asia	Thailand
EPI_ISL_447918	2/1/2020	Asia	Thailand
EPI_ISL_447919	2/4/2020	Asia	Thailand
EPI_ISL_447920	2/25/2020	Asia	Thailand
EPI_ISL_449476	1/22/2020	Asia	China
EPI_ISL_449477	1/22/2020	Asia	China
EPI_ISL_449478	1/22/2020	Asia	China
EPI_ISL_449479	1/22/2020	Asia	China
EPI_ISL_449480	1/22/2020	Asia	China
EPI_ISL_449481	1/22/2020	Asia	China
EPI_ISL_449482	1/22/2020	Asia	China
EPI_ISL_449483	1/22/2020	Asia	China
EPI_ISL_449484	1/22/2020	Asia	China
EPI_ISL_449485	1/22/2020	Asia	China
EPI_ISL_449486	1/22/2020	Asia	China
EPI_ISL_449487	1/22/2020	Asia	China
EPI_ISL_450172	2/8/2020	Asia	SriLanka
EPI_ISL_450171	1/26/2020	Asia	SriLanka
EPI_ISL_450198	1/28/2020	Europe	Germany
EPI_ISL_450199	1/29/2020	Europe	Germany
EPI_ISL_450200	1/28/2020	Europe	Germany
EPI_ISL_450203	2/1/2020	Europe	Germany
EPI_ISL_450204	2/3/2020	Europe	Germany
EPI_ISL_450207	2/7/2020	Europe	Germany
EPI_ISL_450208	2/8/2020	Europe	Germany
EPI_ISL_450209	1/30/2020	Europe	Germany
EPI_ISL_450196	1/23/2020	Asia	Thailand
EPI_ISL_450408	1/24/2020	Asia	HongKong
EPI_ISL_450409	1/30/2020	Asia	HongKong
EPI_ISL_450410	1/31/2020	Asia	HongKong
EPI_ISL_450411	2/2/2020	Asia	HongKong
EPI_ISL_450412	1/30/2020	Asia	HongKong
EPI_ISL_450416	2/3/2020	Asia	China
EPI_ISL_450417	2/3/2020	Asia	China
EPI_ISL_450418	2/6/2020	Asia	China
EPI_ISL_450419	2/6/2020	Asia	China
EPI_ISL_450420	2/6/2020	Asia	China
EPI_ISL_450421	2/6/2020	Asia	China
EPI_ISL_450422	2/8/2020	Asia	China
EPI_ISL_450423	1/23/2020	Asia	China
EPI_ISL_450424	2/9/2020	Asia	China
EPI_ISL_450425	2/12/2020	Asia	China
EPI_ISL_450426	2/15/2020	Asia	China
EPI_ISL_450427	2/18/2020	Asia	China
EPI_ISL_450442	2/24/2020	Asia	China
EPI_ISL_450444	1/22/2020	Asia	China
EPI_ISL_450489	1/25/2020	Asia	China
EPI_ISL_450500	1/10/2020	Asia	China
EPI_ISL_450501	1/26/2020	Asia	China
EPI_ISL_450502	1/26/2020	Asia	China
EPI_ISL_450503	1/26/2020	Asia	China
EPI_ISL_450504	1/25/2020	Asia	China
EPI_ISL_450512	2/27/2020	Asia	Lebanon
EPI_ISL_450747	2/26/2020	NorthAmerica	Canada
EPI_ISL_450915	1/31/2020	Asia	Thailand
EPI_ISL_450955	1/31/2020	Asia	Thailand
EPI_ISL_451035	1/31/2020	Asia	Thailand
EPI_ISL_451076	2/8/2020	Asia	China
EPI_ISL_451298	2/12/2020	Europe	Italy
EPI_ISL_451299	2/4/2020	Europe	Italy
EPI_ISL_451300	2/3/2020	Europe	Italy
EPI_ISL_451301	2/3/2020	Europe	Italy
EPI_ISL_451302	1/30/2020	Europe	Italy
EPI_ISL_451306	2/21/2020	Europe	Italy
EPI_ISL_451307	2/21/2020	Europe	Italy
EPI_ISL_451312	1/26/2020	Asia	China
EPI_ISL_451313	1/26/2020	Asia	China
EPI_ISL_451314	1/30/2020	Asia	China
EPI_ISL_451315	1/30/2020	Asia	China
EPI_ISL_451316	2/1/2020	Asia	China
EPI_ISL_451317	2/3/2020	Asia	China
EPI_ISL_451318	2/19/2020	Asia	China
EPI_ISL_451319	1/27/2020	Asia	China
EPI_ISL_451320	1/27/2020	Asia	China
EPI_ISL_451321	2/2/2020	Asia	China
EPI_ISL_451322	2/1/2020	Asia	China
EPI_ISL_451323	1/22/2020	Asia	China
EPI_ISL_451324	2/2/2020	Asia	China
EPI_ISL_451325	1/31/2020	Asia	China
EPI_ISL_451326	2/2/2020	Asia	China
EPI_ISL_451327	2/1/2020	Asia	China
EPI_ISL_451328	2/2/2020	Asia	China
EPI_ISL_451329	2/5/2020	Asia	China
EPI_ISL_451330	1/29/2020	Asia	China
EPI_ISL_451331	2/2/2020	Asia	China
EPI_ISL_451332	1/30/2020	Asia	China
EPI_ISL_451333	2/1/2020	Asia	China
EPI_ISL_451334	1/30/2020	Asia	China
EPI_ISL_451335	1/29/2020	Asia	China
EPI_ISL_451336	1/29/2020	Asia	China
EPI_ISL_451337	1/30/2020	Asia	China
EPI_ISL_451338	2/5/2020	Asia	China
EPI_ISL_451339	1/27/2020	Asia	China
EPI_ISL_451340	2/6/2020	Asia	China
EPI_ISL_451341	2/3/2020	Asia	China
EPI_ISL_451342	2/11/2020	Asia	China
EPI_ISL_451343	1/30/2020	Asia	China
EPI_ISL_451344	1/31/2020	Asia	China
EPI_ISL_451345	1/24/2020	Asia	China
EPI_ISL_451346	2/4/2020	Asia	China
EPI_ISL_451347	2/20/2020	Asia	China
EPI_ISL_451348	2/9/2020	Asia	China
EPI_ISL_451349	2/8/2020	Asia	China
EPI_ISL_451350	2/8/2020	Asia	China
EPI_ISL_451351	1/27/2020	Asia	China
EPI_ISL_451352	2/8/2020	Asia	China
EPI_ISL_451353	1/27/2020	Asia	China
EPI_ISL_451354	2/9/2020	Asia	China
EPI_ISL_451355	2/12/2020	Asia	China
EPI_ISL_451356	2/7/2020	Asia	China
EPI_ISL_451357	2/3/2020	Asia	China
EPI_ISL_451358	2/3/2020	Asia	China
EPI_ISL_451359	1/27/2020	Asia	China
EPI_ISL_451360	1/24/2020	Asia	China
EPI_ISL_451361	1/24/2020	Asia	China
EPI_ISL_451362	2/13/2020	Asia	China
EPI_ISL_451363	1/29/2020	Asia	China
EPI_ISL_451364	2/12/2020	Asia	China
EPI_ISL_451365	1/26/2020	Asia	China
EPI_ISL_451366	1/29/2020	Asia	China
EPI_ISL_451367	2/8/2020	Asia	China
EPI_ISL_451368	2/14/2020	Asia	China
EPI_ISL_451369	2/8/2020	Asia	China
EPI_ISL_451370	2/4/2020	Asia	China
EPI_ISL_451371	2/9/2020	Asia	China
EPI_ISL_451372	2/3/2020	Asia	China
EPI_ISL_451373	2/3/2020	Asia	China
EPI_ISL_451374	1/31/2020	Asia	China
EPI_ISL_451375	2/8/2020	Asia	China
EPI_ISL_451376	1/28/2020	Asia	China
EPI_ISL_451377	2/8/2020	Asia	China
EPI_ISL_451378	1/28/2020	Asia	China
EPI_ISL_451379	1/23/2020	Asia	China
EPI_ISL_451380	1/24/2020	Asia	China
EPI_ISL_451381	1/27/2020	Asia	China
EPI_ISL_451382	1/25/2020	Asia	China
EPI_ISL_451383	2/2/2020	Asia	China
EPI_ISL_451384	1/27/2020	Asia	China
EPI_ISL_451385	2/3/2020	Asia	China
EPI_ISL_451386	2/2/2020	Asia	China
EPI_ISL_451387	1/27/2020	Asia	China
EPI_ISL_451388	2/10/2020	Asia	China
EPI_ISL_451389	1/30/2020	Asia	China
EPI_ISL_451390	1/23/2020	Asia	China
EPI_ISL_451391	2/13/2020	Asia	China
EPI_ISL_451392	1/24/2020	Asia	China
EPI_ISL_451393	2/15/2020	Asia	China
EPI_ISL_451394	2/3/2020	Asia	China
EPI_ISL_451395	1/30/2020	Asia	China
EPI_ISL_451396	1/30/2020	Asia	China
EPI_ISL_451397	1/31/2020	Asia	China
EPI_ISL_451398	1/31/2020	Asia	China
EPI_ISL_451399	2/4/2020	Asia	China
EPI_ISL_452139	2/28/2020	NorthAmerica	Mexico
EPI_ISL_452332	2/29/2020	Asia	China
EPI_ISL_452357	2/4/2020	Asia	China
EPI_ISL_452358	2/11/2020	Asia	China
EPI_ISL_452359	2/8/2020	Asia	China
EPI_ISL_452360	2/1/2020	Asia	China
EPI_ISL_452361	2/11/2020	Asia	China
EPI_ISL_452362	2/1/2020	Asia	China
EPI_ISL_452363	1/31/2020	Asia	China
EPI_ISL_452364	2/5/2020	Asia	China
EPI_ISL_452692	2/29/2020	Europe	Spain
EPI_ISL_452772	2/29/2020	Europe	Spain
EPI_ISL_454417	2/13/2020	Asia	China
EPI_ISL_454418	2/15/2020	Asia	China
EPI_ISL_454420	2/21/2020	Asia	Lebanon
EPI_ISL_454750	2/27/2020	Europe	Netherlands
EPI_ISL_454751	2/28/2020	Europe	Netherlands
EPI_ISL_454752	2/28/2020	Europe	Netherlands
EPI_ISL_454753	2/28/2020	Europe	Netherlands
EPI_ISL_454754	2/28/2020	Europe	Netherlands
EPI_ISL_454749	2/16/2020	Asia	Japan
EPI_ISL_454911	2/22/2020	Asia	China
EPI_ISL_454912	2/25/2020	Asia	China
EPI_ISL_454915	2/24/2020	Asia	China
EPI_ISL_454916	2/27/2020	Asia	China
EPI_ISL_454919	2/3/2020	Asia	China
EPI_ISL_454920	2/21/2020	Asia	China
EPI_ISL_454921	2/21/2020	Asia	China
EPI_ISL_454922	2/28/2020	Asia	China
EPI_ISL_454923	2/28/2020	Asia	China
EPI_ISL_454924	2/28/2020	Asia	China
EPI_ISL_454925	2/28/2020	Asia	China
EPI_ISL_454926	2/28/2020	Asia	China
EPI_ISL_454927	2/28/2020	Asia	China
EPI_ISL_454928	2/28/2020	Asia	China
EPI_ISL_454929	2/28/2020	Asia	China
EPI_ISL_454930	2/10/2020	Asia	China
EPI_ISL_454931	2/10/2020	Asia	China
EPI_ISL_454932	2/11/2020	Asia	China
EPI_ISL_454933	2/11/2020	Asia	China
EPI_ISL_454934	2/11/2020	Asia	China
EPI_ISL_454935	2/11/2020	Asia	China
EPI_ISL_454936	2/11/2020	Asia	China
EPI_ISL_454937	2/11/2020	Asia	China
EPI_ISL_454939	2/28/2020	Asia	China
EPI_ISL_454940	2/28/2020	Asia	China
EPI_ISL_454952	2/19/2020	Asia	China
EPI_ISL_454964	2/6/2020	Asia	China
EPI_ISL_454965	2/20/2020	Asia	China
EPI_ISL_454973	2/22/2020	Asia	China
EPI_ISL_454974	2/17/2020	Asia	China
EPI_ISL_454980	2/9/2020	Asia	China
EPI_ISL_454981	2/4/2020	Asia	China
EPI_ISL_454992	2/27/2020	Asia	China
EPI_ISL_454993	2/28/2020	Asia	China
EPI_ISL_454995	2/21/2020	Asia	China
EPI_ISL_454996	2/26/2020	Asia	China
EPI_ISL_454998	2/24/2020	Asia	China
EPI_ISL_454999	2/13/2020	Asia	China
EPI_ISL_455000	2/14/2020	Asia	China
EPI_ISL_455002	2/17/2020	Asia	China
EPI_ISL_455003	2/15/2020	Asia	China
EPI_ISL_455004	2/24/2020	Asia	China
EPI_ISL_455006	2/17/2020	Asia	China
EPI_ISL_455007	2/26/2020	Asia	China
EPI_ISL_455008	2/23/2020	Asia	China
EPI_ISL_455009	2/24/2020	Asia	China
EPI_ISL_455010	2/22/2020	Asia	China
EPI_ISL_455011	2/11/2020	Asia	China
EPI_ISL_455012	2/25/2020	Asia	China
EPI_ISL_455013	2/24/2020	Asia	China
EPI_ISL_455314	2/28/2020	Europe	Spain
EPI_ISL_455326	2/29/2020	Africa	CanaryIslands
EPI_ISL_455336	2/29/2020	Europe	Spain
EPI_ISL_455350	2/29/2020	Europe	Spain
EPI_ISL_455351	2/29/2020	Europe	Spain
EPI_ISL_455365	2/23/2020	Asia	China
EPI_ISL_455366	2/23/2020	Asia	China
EPI_ISL_455367	2/23/2020	Asia	China
EPI_ISL_455368	2/23/2020	Asia	China
EPI_ISL_455370	2/24/2020	Asia	China
EPI_ISL_455373	2/28/2020	Asia	China
EPI_ISL_455374	2/10/2020	Asia	China
EPI_ISL_455375	2/11/2020	Asia	China
EPI_ISL_455376	2/28/2020	Asia	China
EPI_ISL_455385	2/7/2020	Asia	China
EPI_ISL_455386	2/12/2020	Asia	China
EPI_ISL_455391	2/4/2020	Asia	China
EPI_ISL_455460	2/9/2020	Asia	China
EPI_ISL_455461	2/6/2020	Asia	China
EPI_ISL_455462	2/5/2020	Asia	China
EPI_ISL_455463	2/3/2020	Asia	China
EPI_ISL_455464	2/5/2020	Asia	China
EPI_ISL_455465	2/10/2020	Asia	China
EPI_ISL_455466	2/1/2020	Asia	China
EPI_ISL_455467	2/12/2020	Asia	China
EPI_ISL_455603	1/30/2020	Oceania	Australia
EPI_ISL_455680	1/26/2020	Asia	China
EPI_ISL_455683	1/22/2020	Asia	China
EPI_ISL_455684	1/22/2020	Asia	China
EPI_ISL_455685	1/22/2020	Asia	China
EPI_ISL_455686	1/26/2020	Asia	China
EPI_ISL_455687	1/26/2020	Asia	China
EPI_ISL_413620	2/18/2020	NorthAmerica	USA
EPI_ISL_413621	2/18/2020	NorthAmerica	USA
EPI_ISL_413610	2/21/2020	NorthAmerica	USA
EPI_ISL_413611	2/21/2020	NorthAmerica	USA
EPI_ISL_413622	2/24/2020	NorthAmerica	USA
EPI_ISL_413612	2/17/2020	NorthAmerica	USA
EPI_ISL_413623	2/24/2020	NorthAmerica	USA
EPI_ISL_413613	2/17/2020	NorthAmerica	USA
EPI_ISL_413614	2/17/2020	NorthAmerica	USA
EPI_ISL_413615	2/17/2020	NorthAmerica	USA
EPI_ISL_413616	2/17/2020	NorthAmerica	USA
EPI_ISL_413606	2/17/2020	NorthAmerica	USA
EPI_ISL_413617	2/20/2020	NorthAmerica	USA
EPI_ISL_413618	2/20/2020	NorthAmerica	USA
EPI_ISL_413607	2/18/2020	NorthAmerica	USA
EPI_ISL_413608	2/18/2020	NorthAmerica	USA
EPI_ISL_413619	2/25/2020	NorthAmerica	USA
EPI_ISL_413609	2/21/2020	NorthAmerica	USA
EPI_ISL_414480	2/21/2020	NorthAmerica	USA
EPI_ISL_414481	2/21/2020	NorthAmerica	USA
EPI_ISL_414479	2/18/2020	NorthAmerica	USA
EPI_ISL_455790	1/30/2020	Asia	Malaysia
EPI_ISL_455791	2/8/2020	Asia	Malaysia
EPI_ISL_455792	2/9/2020	Asia	Malaysia
EPI_ISL_455793	2/29/2020	Asia	Malaysia
EPI_ISL_457687	2/11/2020	Asia	China
EPI_ISL_457688	2/11/2020	Asia	China
EPI_ISL_457689	2/11/2020	Asia	China
EPI_ISL_457690	2/11/2020	Asia	China
EPI_ISL_457691	2/11/2020	Asia	China
EPI_ISL_457692	2/14/2020	Asia	China
EPI_ISL_457693	2/14/2020	Asia	China
EPI_ISL_457694	2/17/2020	Asia	China
EPI_ISL_457695	2/17/2020	Asia	China
EPI_ISL_457696	2/20/2020	Asia	China
EPI_ISL_457697	2/20/2020	Asia	China
EPI_ISL_457698	2/26/2020	Asia	China
EPI_ISL_457699	2/22/2020	Europe	Italy
EPI_ISL_457701	2/23/2020	Asia	Oman
EPI_ISL_457704	2/24/2020	Asia	Oman
EPI_ISL_457726	2/6/2020	Asia	Taiwan
EPI_ISL_457733	2/8/2020	Asia	Taiwan
EPI_ISL_457730	2/6/2020	Asia	Taiwan
EPI_ISL_457749	2/27/2020	Europe	Italy
EPI_ISL_459960	2/3/2020	Europe	UnitedKingdom
EPI_ISL_460079	2/22/2020	Europe	Italy
EPI_ISL_460080	2/28/2020	Europe	Italy
EPI_ISL_460081	2/24/2020	Europe	Italy
EPI_ISL_460082	2/26/2020	Europe	Italy
EPI_ISL_460083	2/26/2020	Europe	Italy
EPI_ISL_460084	2/29/2020	Europe	Italy
EPI_ISL_460086	2/24/2020	Europe	Italy
EPI_ISL_460087	2/26/2020	Europe	Italy
EPI_ISL_460088	2/26/2020	Europe	Italy
EPI_ISL_460089	2/26/2020	Europe	Italy
EPI_ISL_460090	2/28/2020	Europe	Italy
EPI_ISL_460091	2/22/2020	Europe	Italy
EPI_ISL_460092	2/28/2020	Europe	Italy
EPI_ISL_460093	2/29/2020	Europe	Italy
EPI_ISL_460094	2/25/2020	Europe	Italy
EPI_ISL_460095	2/26/2020	Europe	Italy
EPI_ISL_461101	2/29/2020	Europe	Netherlands
EPI_ISL_462283	1/27/2020	Asia	Singapore
EPI_ISL_462293	2/9/2020	Asia	Singapore
EPI_ISL_462304	2/8/2020	Asia	Singapore
EPI_ISL_462305	2/27/2020	Asia	Singapore
EPI_ISL_462306	2/14/2020	Asia	Singapore
EPI_ISL_462433	2/19/2020	Asia	Singapore
EPI_ISL_463889	1/27/2020	Asia	China
EPI_ISL_463894	1/30/2020	Asia	China
EPI_ISL_463895	1/30/2020	Asia	China
EPI_ISL_463896	1/31/2020	Asia	China
EPI_ISL_463897	1/31/2020	Asia	China
EPI_ISL_463898	1/31/2020	Asia	China
EPI_ISL_463899	1/30/2020	Asia	China
EPI_ISL_463900	2/7/2020	Asia	China
EPI_ISL_463901	2/5/2020	Asia	China
EPI_ISL_463902	2/6/2020	Asia	China
EPI_ISL_464168	2/9/2020	Europe	UnitedKingdom
EPI_ISL_464169	2/13/2020	Europe	UnitedKingdom
EPI_ISL_464170	2/13/2020	Europe	UnitedKingdom
EPI_ISL_464171	2/14/2020	Europe	UnitedKingdom
EPI_ISL_464172	2/14/2020	Europe	UnitedKingdom
EPI_ISL_464173	2/15/2020	Europe	UnitedKingdom
EPI_ISL_464174	2/15/2020	Europe	UnitedKingdom
EPI_ISL_464175	2/16/2020	Europe	UnitedKingdom
EPI_ISL_464176	2/16/2020	Europe	UnitedKingdom
EPI_ISL_464177	2/16/2020	Europe	UnitedKingdom
EPI_ISL_464178	2/18/2020	Europe	UnitedKingdom
EPI_ISL_464179	2/19/2020	Europe	UnitedKingdom
EPI_ISL_464180	2/20/2020	Europe	UnitedKingdom
EPI_ISL_464181	2/24/2020	Europe	UnitedKingdom
EPI_ISL_464182	2/24/2020	Europe	UnitedKingdom
EPI_ISL_464183	2/24/2020	Europe	UnitedKingdom
EPI_ISL_464184	2/25/2020	Europe	UnitedKingdom
EPI_ISL_464185	2/25/2020	Europe	UnitedKingdom
EPI_ISL_464186	2/25/2020	Europe	UnitedKingdom
EPI_ISL_464187	2/26/2020	Europe	UnitedKingdom
EPI_ISL_464188	2/26/2020	Europe	UnitedKingdom
EPI_ISL_464189	2/27/2020	Europe	UnitedKingdom
EPI_ISL_464190	2/27/2020	Europe	UnitedKingdom
EPI_ISL_464191	2/26/2020	Europe	UnitedKingdom
EPI_ISL_464192	2/27/2020	Europe	UnitedKingdom
EPI_ISL_464193	2/27/2020	Europe	UnitedKingdom
EPI_ISL_464194	2/27/2020	Europe	UnitedKingdom
EPI_ISL_464195	2/26/2020	Europe	UnitedKingdom
EPI_ISL_464196	2/27/2020	Europe	UnitedKingdom
EPI_ISL_464197	2/27/2020	Europe	UnitedKingdom
EPI_ISL_464198	2/28/2020	Europe	UnitedKingdom
EPI_ISL_464199	2/28/2020	Europe	UnitedKingdom
EPI_ISL_464200	2/27/2020	Europe	UnitedKingdom
EPI_ISL_464201	2/28/2020	Europe	UnitedKingdom
EPI_ISL_464202	2/29/2020	Europe	UnitedKingdom
EPI_ISL_464203	2/29/2020	Europe	UnitedKingdom
EPI_ISL_464204	2/26/2020	Europe	UnitedKingdom
EPI_ISL_464205	2/28/2020	Europe	UnitedKingdom
EPI_ISL_464206	2/28/2020	Europe	UnitedKingdom
EPI_ISL_464207	2/28/2020	Europe	UnitedKingdom
EPI_ISL_464208	2/27/2020	Europe	UnitedKingdom
EPI_ISL_464209	2/27/2020	Europe	UnitedKingdom
EPI_ISL_464210	2/29/2020	Europe	UnitedKingdom
EPI_ISL_464211	2/29/2020	Europe	UnitedKingdom
EPI_ISL_464212	2/29/2020	Europe	UnitedKingdom
EPI_ISL_464213	2/29/2020	Europe	UnitedKingdom
EPI_ISL_464214	2/29/2020	Europe	UnitedKingdom
EPI_ISL_464215	2/29/2020	Europe	UnitedKingdom
EPI_ISL_464216	2/29/2020	Europe	UnitedKingdom
EPI_ISL_464217	2/29/2020	Europe	UnitedKingdom
EPI_ISL_464218	2/29/2020	Europe	UnitedKingdom
EPI_ISL_464219	2/28/2020	Europe	UnitedKingdom
EPI_ISL_464220	2/29/2020	Europe	UnitedKingdom
EPI_ISL_464221	2/28/2020	Europe	UnitedKingdom
EPI_ISL_464223	2/28/2020	Europe	UnitedKingdom
EPI_ISL_464224	2/28/2020	Europe	UnitedKingdom
EPI_ISL_464225	2/27/2020	Europe	UnitedKingdom
EPI_ISL_464226	2/27/2020	Europe	UnitedKingdom
EPI_ISL_464228	2/28/2020	Europe	UnitedKingdom
EPI_ISL_464229	2/27/2020	Europe	UnitedKingdom
EPI_ISL_464242	2/28/2020	Europe	UnitedKingdom
EPI_ISL_464247	2/29/2020	Europe	UnitedKingdom
EPI_ISL_464249	2/28/2020	Europe	UnitedKingdom
EPI_ISL_464251	2/28/2020	Europe	UnitedKingdom
EPI_ISL_464252	2/28/2020	Europe	UnitedKingdom
EPI_ISL_464253	2/28/2020	Europe	UnitedKingdom
EPI_ISL_464254	2/29/2020	Europe	UnitedKingdom
EPI_ISL_464259	2/29/2020	Europe	UnitedKingdom
EPI_ISL_464302	2/3/2020	Europe	UnitedKingdom
EPI_ISL_464303	2/3/2020	Europe	UnitedKingdom
EPI_ISL_464304	2/3/2020	Europe	UnitedKingdom
EPI_ISL_464328	2/28/2020	Europe	UnitedKingdom
EPI_ISL_464411	2/27/2020	Europe	UnitedKingdom
EPI_ISL_464412	2/29/2020	Europe	UnitedKingdom
EPI_ISL_465473	2/28/2020	Europe	UnitedKingdom
EPI_ISL_466615	2/16/2020	Europe	UnitedKingdom
EPI_ISL_468032	1/30/2020	Oceania	Australia
EPI_ISL_468037	1/30/2020	Oceania	Australia
EPI_ISL_468039	2/22/2020	Oceania	Australia
EPI_ISL_468726	1/23/2020	Asia	China
EPI_ISL_469132	2/15/2020	Asia	Singapore
EPI_ISL_469253	2/28/2020	Asia	China
EPI_ISL_470851	2/27/2020	Oceania	Australia
EPI_ISL_471426	2/18/2020	Asia	SouthKorea
EPI_ISL_471425	2/18/2020	Asia	SouthKorea
EPI_ISL_471438	2/18/2020	Asia	SouthKorea
EPI_ISL_471439	2/19/2020	Asia	SouthKorea
EPI_ISL_471440	2/19/2020	Asia	SouthKorea
EPI_ISL_471441	2/19/2020	Asia	SouthKorea
EPI_ISL_471442	2/19/2020	Asia	SouthKorea
EPI_ISL_471443	2/19/2020	Asia	SouthKorea
EPI_ISL_471444	2/20/2020	Asia	SouthKorea
EPI_ISL_471445	2/20/2020	Asia	SouthKorea
EPI_ISL_471446	2/19/2020	Asia	SouthKorea
EPI_ISL_471447	2/19/2020	Asia	SouthKorea
EPI_ISL_471448	2/19/2020	Asia	SouthKorea
EPI_ISL_471449	2/19/2020	Asia	SouthKorea
EPI_ISL_471450	2/19/2020	Asia	SouthKorea
EPI_ISL_471451	2/20/2020	Asia	SouthKorea
EPI_ISL_471452	2/21/2020	Asia	SouthKorea
EPI_ISL_471453	2/20/2020	Asia	SouthKorea
EPI_ISL_471454	2/21/2020	Asia	SouthKorea
EPI_ISL_471455	2/21/2020	Asia	SouthKorea
EPI_ISL_475544	2/26/2020	Europe	Sweden
EPI_ISL_475545	2/28/2020	Europe	Sweden
EPI_ISL_475546	2/28/2020	Europe	Sweden
EPI_ISL_475547	2/28/2020	Europe	Sweden
EPI_ISL_475836	2/28/2020	Europe	Austria
EPI_ISL_475997	1/31/2020	Asia	Singapore
EPI_ISL_475998	2/28/2020	Asia	Singapore
EPI_ISL_475999	2/14/2020	Asia	Singapore
EPI_ISL_476139	1/31/2020	Europe	Sweden
EPI_ISL_476559	2/27/2020	Africa	Morocco
EPI_ISL_476795	2/19/2020	Asia	Singapore
EPI_ISL_477170	2/16/2020	Asia	Singapore
EPI_ISL_479797	2/18/2020	Asia	Japan
EPI_ISL_479798	2/18/2020	Asia	Japan
EPI_ISL_479799	1/20/2020	Asia	Japan
EPI_ISL_479800	1/20/2020	Asia	Japan
EPI_ISL_479802	2/25/2020	Asia	Japan
EPI_ISL_479803	2/28/2020	Asia	Japan
EPI_ISL_479804	2/29/2020	Asia	Japan
EPI_ISL_479824	2/15/2020	Asia	Japan
EPI_ISL_479826	2/26/2020	Asia	Japan
EPI_ISL_479827	2/27/2020	Asia	Japan
EPI_ISL_479828	2/27/2020	Asia	Japan
EPI_ISL_479829	2/28/2020	Asia	Japan
EPI_ISL_479830	2/28/2020	Asia	Japan
EPI_ISL_479850	2/13/2020	Asia	Japan
EPI_ISL_479851	2/17/2020	Asia	Japan
EPI_ISL_479852	2/25/2020	Asia	Japan
EPI_ISL_479863	2/17/2020	Asia	Japan
EPI_ISL_479864	2/23/2020	Asia	Japan
EPI_ISL_479870	2/21/2020	Asia	Japan
EPI_ISL_479871	2/25/2020	Asia	Japan
EPI_ISL_479913	2/28/2020	Asia	Japan
EPI_ISL_479997	2/24/2020	Asia	Japan
EPI_ISL_479998	2/25/2020	Asia	Japan
EPI_ISL_480030	2/17/2020	Asia	Japan
EPI_ISL_480031	2/19/2020	Asia	Japan
EPI_ISL_480032	2/21/2020	Asia	Japan
EPI_ISL_480033	2/22/2020	Asia	Japan
EPI_ISL_480042	2/15/2020	Asia	Japan
EPI_ISL_480043	2/21/2020	Asia	Japan
EPI_ISL_480044	2/22/2020	Asia	Japan
EPI_ISL_480045	2/22/2020	Asia	Japan
EPI_ISL_480046	2/22/2020	Asia	Japan
EPI_ISL_480047	2/25/2020	Asia	Japan
EPI_ISL_480048	2/26/2020	Asia	Japan
EPI_ISL_480049	2/26/2020	Asia	Japan
EPI_ISL_480557	1/24/2020	Oceania	Australia
EPI_ISL_480691	2/21/2020	Oceania	Australia
EPI_ISL_481370	2/21/2020	Asia	SouthKorea
EPI_ISL_481371	2/21/2020	Asia	SouthKorea
EPI_ISL_481372	2/21/2020	Asia	SouthKorea
EPI_ISL_481373	2/23/2020	Asia	SouthKorea
EPI_ISL_481374	2/21/2020	Asia	SouthKorea
EPI_ISL_481375	2/22/2020	Asia	SouthKorea
EPI_ISL_481376	2/20/2020	Asia	SouthKorea
EPI_ISL_481377	2/23/2020	Asia	SouthKorea
EPI_ISL_481378	2/22/2020	Asia	SouthKorea
EPI_ISL_481379	2/24/2020	Asia	SouthKorea
EPI_ISL_482678	1/23/2020	Asia	Singapore
EPI_ISL_482679	1/27/2020	Asia	Singapore
EPI_ISL_482680	2/9/2020	Asia	Singapore
EPI_ISL_485398	2/26/2020	Asia	SouthKorea
EPI_ISL_485604	2/24/2020	Europe	UnitedKingdom
EPI_ISL_486656	2/20/2020	Europe	Italy
EPI_ISL_486657	2/26/2020	Europe	Italy
EPI_ISL_486659	2/22/2020	Europe	Italy
EPI_ISL_486660	2/23/2020	Europe	Italy
EPI_ISL_486664	2/26/2020	Europe	Italy
EPI_ISL_488282	2/29/2020	Europe	UnitedKingdom
EPI_ISL_488388	2/29/2020	Europe	UnitedKingdom
EPI_ISL_490010	2/26/2020	Asia	SaudiArabia
EPI_ISL_490011	2/27/2020	Asia	SaudiArabia
EPI_ISL_490000	2/10/2020	Asia	SaudiArabia
EPI_ISL_490001	2/13/2020	Asia	SaudiArabia
EPI_ISL_490002	2/13/2020	Asia	SaudiArabia
EPI_ISL_490003	2/16/2020	Asia	SaudiArabia
EPI_ISL_490004	2/17/2020	Asia	SaudiArabia
EPI_ISL_490005	2/18/2020	Asia	SaudiArabia
EPI_ISL_490006	2/18/2020	Asia	SaudiArabia
EPI_ISL_489996	2/3/2020	Asia	SaudiArabia
EPI_ISL_490007	2/20/2020	Asia	SaudiArabia
EPI_ISL_490008	2/23/2020	Asia	SaudiArabia
EPI_ISL_490009	2/24/2020	Asia	SaudiArabia
EPI_ISL_489999	2/10/2020	Asia	SaudiArabia
EPI_ISL_489997	2/4/2020	Asia	SaudiArabia
EPI_ISL_489998	2/9/2020	Asia	SaudiArabia
EPI_ISL_491465	1/26/2020	Asia	Philippines
EPI_ISL_491466	1/29/2020	Asia	Philippines
EPI_ISL_491471	1/29/2020	Asia	Philippines
EPI_ISL_493137	2/25/2020	Asia	Thailand
EPI_ISL_493149	1/25/2020	Asia	China
EPI_ISL_493150	1/25/2020	Asia	China
EPI_ISL_493151	1/25/2020	Asia	China
EPI_ISL_493152	1/25/2020	Asia	China
EPI_ISL_493153	1/25/2020	Asia	China
EPI_ISL_493154	1/25/2020	Asia	China
EPI_ISL_493155	1/25/2020	Asia	China
EPI_ISL_493156	1/25/2020	Asia	China
EPI_ISL_493157	1/25/2020	Asia	China
EPI_ISL_493158	1/25/2020	Asia	China
EPI_ISL_493159	1/25/2020	Asia	China
EPI_ISL_493160	1/25/2020	Asia	China
EPI_ISL_493161	1/25/2020	Asia	China
EPI_ISL_493162	1/25/2020	Asia	China
EPI_ISL_493163	1/25/2020	Asia	China
EPI_ISL_493164	1/25/2020	Asia	China
EPI_ISL_493165	1/25/2020	Asia	China
EPI_ISL_493166	1/25/2020	Asia	China
EPI_ISL_493167	1/26/2020	Asia	China
EPI_ISL_493168	1/26/2020	Asia	China
EPI_ISL_493169	1/26/2020	Asia	China
EPI_ISL_493170	1/26/2020	Asia	China
EPI_ISL_493171	1/26/2020	Asia	China
EPI_ISL_493172	1/26/2020	Asia	China
EPI_ISL_493173	1/26/2020	Asia	China
EPI_ISL_493174	1/26/2020	Asia	China
EPI_ISL_493175	1/26/2020	Asia	China
EPI_ISL_493176	1/26/2020	Asia	China
EPI_ISL_493177	1/26/2020	Asia	China
EPI_ISL_493178	1/26/2020	Asia	China
EPI_ISL_493179	1/26/2020	Asia	China
EPI_ISL_493180	1/26/2020	Asia	China
EPI_ISL_493181	1/26/2020	Asia	China
EPI_ISL_493182	1/26/2020	Asia	China
EPI_ISL_493183	1/26/2020	Asia	China
EPI_ISL_493184	1/26/2020	Asia	China
EPI_ISL_493185	1/26/2020	Asia	China
EPI_ISL_493186	1/26/2020	Asia	China
EPI_ISL_493187	1/26/2020	Asia	China
EPI_ISL_493188	1/26/2020	Asia	China
EPI_ISL_493189	1/26/2020	Asia	China
EPI_ISL_493190	1/26/2020	Asia	China
EPI_ISL_493390	2/6/2020	Asia	Singapore
EPI_ISL_493414	2/18/2020	Asia	Singapore
EPI_ISL_493421	2/7/2020	Asia	Singapore
EPI_ISL_495459	1/24/2020	Asia	China
EPI_ISL_496605	2/28/2020	NorthAmerica	Panama
EPI_ISL_496606	2/20/2020	NorthAmerica	Panama
EPI_ISL_496607	2/22/2020	NorthAmerica	Panama
EPI_ISL_496609	2/17/2020	NorthAmerica	Panama
EPI_ISL_496615	2/15/2020	NorthAmerica	Panama
EPI_ISL_496617	2/27/2020	NorthAmerica	Panama
EPI_ISL_496736	2/23/2020	NorthAmerica	Panama
EPI_ISL_497951	2/20/2020	Asia	SouthKorea
EPI_ISL_497953	2/20/2020	Asia	SouthKorea
EPI_ISL_497954	2/20/2020	Asia	SouthKorea
EPI_ISL_497955	2/20/2020	Asia	SouthKorea
EPI_ISL_497956	2/20/2020	Asia	SouthKorea
EPI_ISL_497957	2/20/2020	Asia	SouthKorea
EPI_ISL_497958	2/20/2020	Asia	SouthKorea
EPI_ISL_497959	2/20/2020	Asia	SouthKorea
EPI_ISL_497960	2/19/2020	Asia	SouthKorea
EPI_ISL_497961	2/17/2020	Asia	SouthKorea
EPI_ISL_497962	1/30/2020	Asia	SouthKorea
EPI_ISL_497963	1/31/2020	Asia	SouthKorea
EPI_ISL_497964	2/6/2020	Asia	SouthKorea
EPI_ISL_497965	2/6/2020	Asia	SouthKorea
EPI_ISL_497966	2/9/2020	Asia	SouthKorea
EPI_ISL_497967	2/20/2020	Asia	SouthKorea
EPI_ISL_497968	2/19/2020	Asia	SouthKorea
EPI_ISL_497969	2/19/2020	Asia	SouthKorea
EPI_ISL_497970	2/21/2020	Asia	SouthKorea
EPI_ISL_497971	2/20/2020	Asia	SouthKorea
EPI_ISL_497972	2/20/2020	Asia	SouthKorea
EPI_ISL_497973	2/20/2020	Asia	SouthKorea
EPI_ISL_497974	2/20/2020	Asia	SouthKorea
EPI_ISL_497975	2/21/2020	Asia	SouthKorea
EPI_ISL_497976	2/21/2020	Asia	SouthKorea
EPI_ISL_497977	2/21/2020	Asia	SouthKorea
EPI_ISL_497978	2/21/2020	Asia	SouthKorea
EPI_ISL_497979	2/21/2020	Asia	SouthKorea
EPI_ISL_497980	2/21/2020	Asia	SouthKorea
EPI_ISL_497981	2/21/2020	Asia	SouthKorea
EPI_ISL_497982	2/21/2020	Asia	SouthKorea
EPI_ISL_497983	2/22/2020	Asia	SouthKorea
EPI_ISL_497984	2/21/2020	Asia	SouthKorea
EPI_ISL_497985	2/22/2020	Asia	SouthKorea
EPI_ISL_497986	2/24/2020	Asia	SouthKorea
EPI_ISL_497987	2/22/2020	Asia	SouthKorea
EPI_ISL_497988	2/23/2020	Asia	SouthKorea
EPI_ISL_497989	2/22/2020	Asia	SouthKorea
EPI_ISL_497990	2/24/2020	Asia	SouthKorea
EPI_ISL_497991	2/21/2020	Asia	SouthKorea
EPI_ISL_497992	2/21/2020	Asia	SouthKorea
EPI_ISL_497993	2/21/2020	Asia	SouthKorea
EPI_ISL_497994	2/23/2020	Asia	SouthKorea
EPI_ISL_497995	2/26/2020	Asia	SouthKorea
EPI_ISL_497996	2/27/2020	Asia	SouthKorea
EPI_ISL_497998	2/27/2020	Asia	SouthKorea
EPI_ISL_497860	1/25/2020	Asia	HongKong
EPI_ISL_497848	2/15/2020	Asia	HongKong
EPI_ISL_497812	2/15/2020	Asia	HongKong
EPI_ISL_497784	2/24/2020	Asia	HongKong
EPI_ISL_497783	2/3/2020	Asia	HongKong
EPI_ISL_497771	1/29/2020	Asia	HongKong
EPI_ISL_497797	1/29/2020	Asia	HongKong
EPI_ISL_497827	1/29/2020	Asia	HongKong
EPI_ISL_497792	2/25/2020	Asia	HongKong
EPI_ISL_499843	2/28/2020	Europe	UnitedKingdom
EPI_ISL_501220	2/25/2020	Asia	Malaysia
EPI_ISL_506947	2/24/2020	Asia	SouthKorea
EPI_ISL_506948	2/27/2020	Asia	SouthKorea
EPI_ISL_506949	2/27/2020	Asia	SouthKorea
EPI_ISL_506950	2/28/2020	Asia	SouthKorea
EPI_ISL_506951	2/29/2020	Asia	SouthKorea
EPI_ISL_506952	2/28/2020	Asia	SouthKorea
EPI_ISL_506953	2/28/2020	Asia	SouthKorea
EPI_ISL_508933	2/28/2020	Europe	France
EPI_ISL_509505	1/25/2020	Oceania	Australia
EPI_ISL_510547	2/26/2020	Asia	SouthKorea
EPI_ISL_514752	1/3/2020	Asia	China
EPI_ISL_515909	2/28/2020	NorthAmerica	USA
EPI_ISL_515910	2/27/2020	NorthAmerica	USA
EPI_ISL_515911	2/27/2020	NorthAmerica	USA
EPI_ISL_516083	2/26/2020	Europe	Italy
EPI_ISL_516084	2/28/2020	Europe	Italy
EPI_ISL_516085	2/28/2020	Europe	Italy
EPI_ISL_522406	2/28/2020	NorthAmerica	DominicanRepublic
EPI_ISL_525575	2/29/2020	NorthAmerica	USA
EPI_ISL_527871	1/20/2020	Asia	China
EPI_ISL_527873	2/21/2020	Africa	Nigeria
EPI_ISL_418275	2/27/2020	Europe	Switzerland
EPI_ISL_418273	2/28/2020	Europe	Switzerland
EPI_ISL_418271	2/27/2020	Europe	Switzerland
EPI_ISL_527919	2/28/2020	Europe	Switzerland
EPI_ISL_527918	2/28/2020	Europe	Switzerland
EPI_ISL_527917	2/26/2020	Europe	Switzerland
EPI_ISL_527916	2/26/2020	Europe	Switzerland
EPI_ISL_530042	2/27/2020	Europe	Spain
EPI_ISL_529213	12/30/2019	Asia	China
EPI_ISL_529214	12/30/2019	Asia	China
EPI_ISL_529217	12/30/2019	Asia	China
EPI_ISL_529215	12/30/2019	Asia	China
EPI_ISL_529216	12/30/2019	Asia	China
EPI_ISL_529150	1/27/2020	Asia	China
EPI_ISL_529149	1/29/2020	Asia	China
EPI_ISL_535716	2/25/2020	NorthAmerica	Canada
EPI_ISL_536435	2/2/2020	Asia	Singapore
EPI_ISL_536439	2/3/2020	Asia	Singapore
EPI_ISL_536441	2/5/2020	Asia	Singapore
EPI_ISL_536447	1/25/2020	Asia	Singapore
EPI_ISL_536452	2/3/2020	Asia	Singapore
EPI_ISL_537558	2/28/2020	NorthAmerica	USA
EPI_ISL_538435	2/16/2020	Asia	Singapore
EPI_ISL_538436	2/20/2020	Asia	Singapore
EPI_ISL_538529	2/15/2020	Asia	HongKong
EPI_ISL_538530	1/29/2020	Asia	HongKong
EPI_ISL_538531	1/31/2020	Asia	HongKong
EPI_ISL_538532	2/11/2020	Asia	HongKong
EPI_ISL_538533	2/15/2020	Asia	HongKong
EPI_ISL_538534	2/24/2020	Asia	HongKong
EPI_ISL_538541	2/4/2020	Asia	HongKong
EPI_ISL_538542	1/27/2020	Asia	HongKong
EPI_ISL_538525	2/7/2020	Asia	HongKong
EPI_ISL_538526	1/27/2020	Asia	HongKong
EPI_ISL_538527	2/8/2020	Asia	HongKong
EPI_ISL_538528	1/27/2020	Asia	HongKong
EPI_ISL_538543	2/5/2020	Asia	HongKong
EPI_ISL_538544	2/12/2020	Asia	HongKong
EPI_ISL_538545	2/13/2020	Asia	HongKong
EPI_ISL_538546	2/28/2020	Asia	HongKong
EPI_ISL_538524	1/29/2020	Asia	HongKong
EPI_ISL_539339	1/29/2020	Asia	China
EPI_ISL_539338	1/29/2020	Asia	China
EPI_ISL_539337	1/26/2020	Asia	China
EPI_ISL_539336	1/27/2020	Asia	China
EPI_ISL_539335	1/28/2020	Asia	China
EPI_ISL_539334	1/25/2020	Asia	China
EPI_ISL_539333	1/17/2020	Asia	China
EPI_ISL_539497	2/28/2020	Europe	Spain
EPI_ISL_539531	2/24/2020	Africa	CanaryIslands
EPI_ISL_539557	2/28/2020	Europe	Spain
EPI_ISL_539558	2/28/2020	Europe	Spain
EPI_ISL_540993	2/20/2020	Asia	SouthKorea
EPI_ISL_540994	2/20/2020	Asia	SouthKorea
EPI_ISL_540995	2/21/2020	Asia	SouthKorea
EPI_ISL_540996	2/22/2020	Asia	SouthKorea
EPI_ISL_540997	2/23/2020	Asia	SouthKorea
EPI_ISL_541968	2/28/2020	Europe	Spain
EPI_ISL_542125	2/28/2020	Europe	Italy
EPI_ISL_542217	2/23/2020	Europe	Italy
EPI_ISL_542221	2/22/2020	Europe	Italy
EPI_ISL_542222	2/22/2020	Europe	Italy
EPI_ISL_542223	2/22/2020	Europe	Italy
EPI_ISL_542224	2/22/2020	Europe	Italy
EPI_ISL_542225	2/23/2020	Europe	Italy
EPI_ISL_542226	2/23/2020	Europe	Italy
EPI_ISL_542227	2/23/2020	Europe	Italy
EPI_ISL_542228	2/23/2020	Europe	Italy
EPI_ISL_542229	2/24/2020	Europe	Italy
EPI_ISL_542230	2/24/2020	Europe	Italy
EPI_ISL_542231	2/24/2020	Europe	Italy
EPI_ISL_542232	2/24/2020	Europe	Italy
EPI_ISL_542233	2/24/2020	Europe	Italy
EPI_ISL_542234	2/25/2020	Europe	Italy
EPI_ISL_542235	2/25/2020	Europe	Italy
EPI_ISL_542236	2/25/2020	Europe	Italy
EPI_ISL_542237	2/25/2020	Europe	Italy
EPI_ISL_542238	2/25/2020	Europe	Italy
EPI_ISL_542239	2/25/2020	Europe	Italy
EPI_ISL_542240	2/25/2020	Europe	Italy
EPI_ISL_542241	2/26/2020	Europe	Italy
EPI_ISL_542242	2/27/2020	Europe	Italy
EPI_ISL_542243	2/28/2020	Europe	Italy
EPI_ISL_542244	2/28/2020	Europe	Italy
EPI_ISL_542245	2/28/2020	Europe	Italy
EPI_ISL_542246	2/28/2020	Europe	Italy
EPI_ISL_542247	2/28/2020	Europe	Italy
EPI_ISL_542248	2/28/2020	Europe	Italy
EPI_ISL_542249	2/28/2020	Europe	Italy
EPI_ISL_542250	2/28/2020	Europe	Italy
EPI_ISL_542251	2/28/2020	Europe	Italy
EPI_ISL_542252	2/28/2020	Europe	Italy
EPI_ISL_542253	2/29/2020	Europe	Italy
EPI_ISL_542254	2/29/2020	Europe	Italy
EPI_ISL_542255	2/29/2020	Europe	Italy
EPI_ISL_542256	2/29/2020	Europe	Italy
EPI_ISL_542257	2/29/2020	Europe	Italy
EPI_ISL_542258	2/29/2020	Europe	Italy
EPI_ISL_542259	2/29/2020	Europe	Italy
EPI_ISL_542260	2/29/2020	Europe	Italy
EPI_ISL_542261	2/29/2020	Europe	Italy
EPI_ISL_542262	2/29/2020	Europe	Italy
EPI_ISL_542263	2/29/2020	Europe	Italy
EPI_ISL_542401	2/26/2020	Europe	Italy
EPI_ISL_542406	2/27/2020	Europe	Italy
EPI_ISL_542410	2/25/2020	Europe	Italy
EPI_ISL_542412	2/29/2020	Europe	Italy
EPI_ISL_542442	2/26/2020	Europe	Italy
EPI_ISL_547499	2/27/2020	Europe	Netherlands
EPI_ISL_568496	2/24/2020	Asia	Iran
EPI_ISL_568495	2/20/2020	Asia	Iran
EPI_ISL_568579	2/24/2020	Europe	Italy
EPI_ISL_569866	2/25/2020	Europe	Italy
EPI_ISL_569867	2/22/2020	Europe	Italy
EPI_ISL_575329	2/24/2020	Asia	China
EPI_ISL_412386	2/5/2020	Asia	China
EPI_ISL_578703	2/25/2020	Europe	Sweden
EPI_ISL_582134	2/15/2020	Europe	Germany
EPI_ISL_582608	1/30/2020	Asia	UnitedArabEmirates
EPI_ISL_582609	2/7/2020	Asia	UnitedArabEmirates
EPI_ISL_582610	2/13/2020	Asia	UnitedArabEmirates
EPI_ISL_582611	2/21/2020	Asia	UnitedArabEmirates
EPI_ISL_582612	2/21/2020	Asia	UnitedArabEmirates
EPI_ISL_582613	2/21/2020	Asia	UnitedArabEmirates
EPI_ISL_582614	2/21/2020	Asia	UnitedArabEmirates
EPI_ISL_582615	2/21/2020	Asia	UnitedArabEmirates
EPI_ISL_582616	2/21/2020	Asia	UnitedArabEmirates
EPI_ISL_582617	2/21/2020	Asia	UnitedArabEmirates
EPI_ISL_582618	2/21/2020	Asia	UnitedArabEmirates
EPI_ISL_582619	2/21/2020	Asia	UnitedArabEmirates
EPI_ISL_582620	2/22/2020	Asia	UnitedArabEmirates
EPI_ISL_582621	2/23/2020	Asia	UnitedArabEmirates
EPI_ISL_582622	2/23/2020	Asia	UnitedArabEmirates
EPI_ISL_582623	2/23/2020	Asia	UnitedArabEmirates
EPI_ISL_582624	2/27/2020	Asia	UnitedArabEmirates
EPI_ISL_582625	2/27/2020	Asia	UnitedArabEmirates
EPI_ISL_582626	2/28/2020	Asia	UnitedArabEmirates
EPI_ISL_583563	2/26/2020	Europe	Austria
EPI_ISL_582126	1/28/2020	Asia	UnitedArabEmirates
EPI_ISL_582125	1/28/2020	Asia	UnitedArabEmirates
EPI_ISL_594459	2/26/2020	NorthAmerica	USA
EPI_ISL_596386	1/19/2020	NorthAmerica	USA
EPI_ISL_605929	2/24/2020	Asia	China
EPI_ISL_605930	2/24/2020	Asia	China
EPI_ISL_610245	1/29/2020	Europe	UnitedKingdom
EPI_ISL_613446	2/28/2020	NorthAmerica	SaintBarthelemy
EPI_ISL_629081	2/28/2020	Europe	France
EPI_ISL_629082	2/28/2020	Europe	France
EPI_ISL_629083	2/29/2020	Europe	France
EPI_ISL_629084	2/19/2020	Europe	France
EPI_ISL_629085	2/29/2020	Europe	France
EPI_ISL_636504	2/27/2020	Europe	Netherlands
EPI_ISL_644681	2/26/2020	Europe	France
EPI_ISL_644823	2/22/2020	NorthAmerica	USA
EPI_ISL_648043	2/7/2020	Asia	Singapore
EPI_ISL_648071	2/8/2020	Asia	Singapore
EPI_ISL_649094	2/27/2020	Asia	Israel
EPI_ISL_654866	1/31/2020	Asia	Vietnam
EPI_ISL_660541	1/31/2020	Asia	Vietnam
EPI_ISL_671764	2/29/2020	NorthAmerica	USA
EPI_ISL_684110	2/27/2020	Asia	Japan
EPI_ISL_684111	2/28/2020	Asia	Japan
EPI_ISL_684112	2/29/2020	Asia	Japan
EPI_ISL_684113	2/29/2020	Asia	Japan
EPI_ISL_684127	2/19/2020	Asia	Japan
EPI_ISL_684130	2/20/2020	Asia	Japan
EPI_ISL_684139	2/27/2020	Asia	Japan
EPI_ISL_684163	2/18/2020	Asia	Japan
EPI_ISL_684164	2/29/2020	Asia	Japan
EPI_ISL_684615	2/15/2020	Asia	Japan
EPI_ISL_684616	2/25/2020	Asia	Japan
EPI_ISL_685584	2/12/2020	Asia	Japan
EPI_ISL_685585	2/13/2020	Asia	Japan
EPI_ISL_685780	2/14/2020	Asia	Japan
EPI_ISL_690745	2/29/2020	Asia	Japan
EPI_ISL_693290	2/4/2020	Oceania	Australia
EPI_ISL_693387	2/28/2020	Europe	France
EPI_ISL_693388	2/29/2020	Europe	France
EPI_ISL_718273	2/21/2020	Asia	Japan
EPI_ISL_727998	2/21/2020	Asia	Japan
EPI_ISL_727999	2/21/2020	Asia	Japan
EPI_ISL_728159	2/24/2020	Asia	Japan
EPI_ISL_728156	2/22/2020	Asia	Japan
EPI_ISL_728155	2/22/2020	Asia	Japan
EPI_ISL_728000	2/21/2020	Asia	Japan
EPI_ISL_728154	2/22/2020	Asia	Japan
EPI_ISL_728206	2/27/2020	Asia	Japan
EPI_ISL_728207	2/24/2020	Asia	Japan
EPI_ISL_728208	2/28/2020	Asia	Japan
EPI_ISL_729473	2/26/2020	Europe	Germany
EPI_ISL_729475	2/26/2020	Europe	Germany
EPI_ISL_729478	2/28/2020	Europe	Germany
EPI_ISL_732530	2/3/2020	Europe	Germany
EPI_ISL_732541	2/1/2020	Europe	Germany
EPI_ISL_738084	2/8/2020	Asia	HongKong
EPI_ISL_738147	2/25/2020	Europe	Italy
EPI_ISL_738194	2/24/2020	Europe	Italy
EPI_ISL_778860	2/24/2020	Europe	Italy
EPI_ISL_779709	2/24/2020	Europe	Italy
EPI_ISL_779707	2/24/2020	Europe	Italy
EPI_ISL_779704	2/24/2020	Europe	Italy
EPI_ISL_779713	2/24/2020	Europe	Italy
EPI_ISL_779712	2/24/2020	Europe	Italy
EPI_ISL_803895	2/27/2020	Europe	Italy
EPI_ISL_812956	2/6/2020	Asia	SouthKorea
EPI_ISL_486645	2/14/2020	Asia	China
EPI_ISL_852760	2/27/2020	Europe	Germany
EPI_ISL_856884	2/24/2020	Europe	Italy
EPI_ISL_856892	2/29/2020	Europe	Italy
EPI_ISL_856898	2/29/2020	Europe	Italy
EPI_ISL_862077	2/20/2020	Asia	Iran
EPI_ISL_862078	2/20/2020	Asia	Iran
EPI_ISL_862634	2/29/2020	Europe	Spain
EPI_ISL_862654	2/28/2020	Europe	Spain
EPI_ISL_871973	2/22/2020	Europe	Spain
EPI_ISL_871974	2/29/2020	Europe	Spain
EPI_ISL_871975	2/29/2020	Europe	Spain
EPI_ISL_887187	2/3/2020	Europe	Germany
EPI_ISL_887244	2/11/2020	Europe	Germany
EPI_ISL_887278	2/10/2020	Europe	Germany
EPI_ISL_896179	2/29/2020	Europe	France
EPI_ISL_900298	2/27/2020	Europe	France
EPI_ISL_940274	1/29/2020	Europe	France
EPI_ISL_940419	2/13/2020	Europe	France
EPI_ISL_940530	2/28/2020	Europe	France
EPI_ISL_940531	2/28/2020	Europe	France
EPI_ISL_940533	2/26/2020	Europe	France
EPI_ISL_940534	2/27/2020	Europe	France
EPI_ISL_940535	2/28/2020	Europe	France
EPI_ISL_940537	2/28/2020	Europe	France
EPI_ISL_940538	2/29/2020	Europe	France
EPI_ISL_940542	1/29/2020	Europe	France
EPI_ISL_940543	1/24/2020	Europe	France
EPI_ISL_940551	2/3/2020	Europe	France
EPI_ISL_940552	1/29/2020	Europe	France
EPI_ISL_962529	2/14/2020	Asia	China
EPI_ISL_962531	2/10/2020	Asia	China
EPI_ISL_962532	2/14/2020	Asia	China
EPI_ISL_962533	2/14/2020	Asia	China
EPI_ISL_962534	2/13/2020	Asia	China
EPI_ISL_962537	1/24/2020	Asia	China
EPI_ISL_962540	2/17/2020	Asia	China
EPI_ISL_962541	2/17/2020	Asia	China
EPI_ISL_962542	2/14/2020	Asia	China
EPI_ISL_962543	1/25/2020	Asia	China
EPI_ISL_962544	1/30/2020	Asia	China
EPI_ISL_962545	1/26/2020	Asia	China
EPI_ISL_962546	2/7/2020	Asia	China
EPI_ISL_962547	1/26/2020	Asia	China
EPI_ISL_962548	1/24/2020	Asia	China
EPI_ISL_962549	2/4/2020	Asia	China
EPI_ISL_962550	2/3/2020	Asia	China
EPI_ISL_962551	2/1/2020	Asia	China
EPI_ISL_962552	1/31/2020	Asia	China
EPI_ISL_962553	1/30/2020	Asia	China
EPI_ISL_962554	1/29/2020	Asia	China
EPI_ISL_962555	1/27/2020	Asia	China
EPI_ISL_962556	1/25/2020	Asia	China
EPI_ISL_962557	2/5/2020	Asia	China
EPI_ISL_962558	2/5/2020	Asia	China
EPI_ISL_962559	2/5/2020	Asia	China
EPI_ISL_962560	2/6/2020	Asia	China
EPI_ISL_962561	2/3/2020	Asia	China
EPI_ISL_962562	2/4/2020	Asia	China
EPI_ISL_962563	2/8/2020	Asia	China
EPI_ISL_962564	2/6/2020	Asia	China
EPI_ISL_962565	2/5/2020	Asia	China
EPI_ISL_962566	2/5/2020	Asia	China
EPI_ISL_962567	2/4/2020	Asia	China
EPI_ISL_962568	2/1/2020	Asia	China
EPI_ISL_962569	1/25/2020	Asia	China
EPI_ISL_962570	2/3/2020	Asia	China
EPI_ISL_962571	2/1/2020	Asia	China
EPI_ISL_962572	1/27/2020	Asia	China
EPI_ISL_962573	2/2/2020	Asia	China
EPI_ISL_962574	1/29/2020	Asia	China
EPI_ISL_962575	1/24/2020	Asia	China
EPI_ISL_962576	1/27/2020	Asia	China
EPI_ISL_962577	1/28/2020	Asia	China
EPI_ISL_962578	1/27/2020	Asia	China
EPI_ISL_962579	1/28/2020	Asia	China
EPI_ISL_962580	1/27/2020	Asia	China
EPI_ISL_962581	2/3/2020	Asia	China
EPI_ISL_962582	2/2/2020	Asia	China
EPI_ISL_962583	1/30/2020	Asia	China
EPI_ISL_962584	1/23/2020	Asia	China
EPI_ISL_962868	2/15/2020	Asia	China
EPI_ISL_962869	2/14/2020	Asia	China
EPI_ISL_962870	2/14/2020	Asia	China
EPI_ISL_962871	2/12/2020	Asia	China
EPI_ISL_962872	1/30/2020	Asia	China
EPI_ISL_962873	1/21/2020	Asia	China
EPI_ISL_962874	1/29/2020	Asia	China
EPI_ISL_962875	2/2/2020	Asia	China
EPI_ISL_978512	2/28/2020	SouthAmerica	Brazil
EPI_ISL_983587	2/26/2020	Europe	Germany
EPI_ISL_985394	2/22/2020	Asia	SouthKorea
EPI_ISL_1007662	2/21/2020	Asia	SouthKorea
EPI_ISL_1007663	2/22/2020	Asia	SouthKorea
EPI_ISL_1007664	2/26/2020	Asia	SouthKorea
EPI_ISL_1007665	2/6/2020	Asia	SouthKorea
EPI_ISL_1007666	2/23/2020	Asia	SouthKorea
EPI_ISL_1007667	2/24/2020	Asia	SouthKorea
EPI_ISL_1007668	2/24/2020	Asia	SouthKorea
EPI_ISL_1007669	2/25/2020	Asia	SouthKorea
EPI_ISL_1007670	2/26/2020	Asia	SouthKorea
EPI_ISL_1007671	2/28/2020	Asia	SouthKorea
EPI_ISL_1014733	2/14/2020	Europe	Spain
EPI_ISL_1015003	2/28/2020	Europe	France
EPI_ISL_1015004	2/28/2020	Europe	France
EPI_ISL_1015034	2/29/2020	Europe	France
EPI_ISL_1015042	2/20/2020	Europe	France
EPI_ISL_1015043	2/28/2020	Europe	France
EPI_ISL_1015044	2/28/2020	Europe	France
EPI_ISL_1015045	2/29/2020	Europe	France
EPI_ISL_1015209	2/2/2020	Europe	France
EPI_ISL_1015210	2/28/2020	Europe	France
EPI_ISL_1015211	2/28/2020	Europe	France
EPI_ISL_1040040	2/20/2020	Asia	China
EPI_ISL_1040041	2/20/2020	Asia	China
EPI_ISL_1040031	2/20/2020	Asia	China
EPI_ISL_1040042	2/20/2020	Asia	China
EPI_ISL_1040032	2/15/2020	Asia	China
EPI_ISL_1040043	2/20/2020	Asia	China
EPI_ISL_1040033	2/15/2020	Asia	China
EPI_ISL_1040044	2/22/2020	Asia	China
EPI_ISL_1040034	2/15/2020	Asia	China
EPI_ISL_1040045	2/26/2020	Asia	China
EPI_ISL_1040035	2/18/2020	Asia	China
EPI_ISL_1040046	2/27/2020	Asia	China
EPI_ISL_1040036	2/17/2020	Asia	China
EPI_ISL_1040047	2/27/2020	Asia	China
EPI_ISL_1040037	2/18/2020	Asia	China
EPI_ISL_1040048	2/28/2020	Asia	China
EPI_ISL_1040038	2/19/2020	Asia	China
EPI_ISL_1040049	2/28/2020	Asia	China
EPI_ISL_1040039	2/20/2020	Asia	China
EPI_ISL_1064023	2/22/2020	Europe	Italy
EPI_ISL_1064026	2/26/2020	Europe	Italy
EPI_ISL_1064028	2/27/2020	Europe	Italy
EPI_ISL_1064032	2/23/2020	Europe	Italy
EPI_ISL_1064034	2/28/2020	Europe	Italy
EPI_ISL_1064059	2/29/2020	Europe	Italy
EPI_ISL_1064060	2/28/2020	Europe	Italy
EPI_ISL_1064061	2/28/2020	Europe	Italy
EPI_ISL_1064062	2/28/2020	Europe	Italy
EPI_ISL_1064063	2/28/2020	Europe	Italy
EPI_ISL_1064064	2/28/2020	Europe	Italy
EPI_ISL_1064065	2/28/2020	Europe	Italy
EPI_ISL_1064066	2/28/2020	Europe	Italy
EPI_ISL_1064067	2/28/2020	Europe	Italy
EPI_ISL_1064068	2/27/2020	Europe	Italy
EPI_ISL_1064069	2/27/2020	Europe	Italy
EPI_ISL_1064070	2/27/2020	Europe	Italy
EPI_ISL_1064071	2/27/2020	Europe	Italy
EPI_ISL_1064072	2/27/2020	Europe	Italy
EPI_ISL_1064073	2/27/2020	Europe	Italy
EPI_ISL_1064074	2/27/2020	Europe	Italy
EPI_ISL_1064075	2/27/2020	Europe	Italy
EPI_ISL_1064076	2/27/2020	Europe	Italy
EPI_ISL_1064078	2/26/2020	Europe	Italy
EPI_ISL_1064079	2/26/2020	Europe	Italy
EPI_ISL_1064080	2/26/2020	Europe	Italy
EPI_ISL_1064081	2/26/2020	Europe	Italy
EPI_ISL_1064082	2/26/2020	Europe	Italy
EPI_ISL_1064083	2/25/2020	Europe	Italy
EPI_ISL_1064084	2/25/2020	Europe	Italy
EPI_ISL_1064085	2/25/2020	Europe	Italy
EPI_ISL_1064086	2/25/2020	Europe	Italy
EPI_ISL_1064087	2/25/2020	Europe	Italy
EPI_ISL_1064088	2/25/2020	Europe	Italy
EPI_ISL_1064089	2/25/2020	Europe	Italy
EPI_ISL_1064090	2/25/2020	Europe	Italy
EPI_ISL_1064091	2/24/2020	Europe	Italy
EPI_ISL_1064092	2/24/2020	Europe	Italy
EPI_ISL_1064093	2/24/2020	Europe	Italy
EPI_ISL_1064094	2/24/2020	Europe	Italy
EPI_ISL_1064095	2/24/2020	Europe	Italy
EPI_ISL_1064096	2/24/2020	Europe	Italy
EPI_ISL_1064097	2/24/2020	Europe	Italy
EPI_ISL_1064098	2/23/2020	Europe	Italy
EPI_ISL_1064099	2/23/2020	Europe	Italy
EPI_ISL_1064100	2/23/2020	Europe	Italy
EPI_ISL_1064101	2/23/2020	Europe	Italy
EPI_ISL_1064102	2/23/2020	Europe	Italy
EPI_ISL_1064103	2/23/2020	Europe	Italy
EPI_ISL_1064104	2/23/2020	Europe	Italy
EPI_ISL_1064105	2/23/2020	Europe	Italy
EPI_ISL_1064106	2/22/2020	Europe	Italy
EPI_ISL_1064107	2/22/2020	Europe	Italy
EPI_ISL_1064108	2/22/2020	Europe	Italy
EPI_ISL_1064109	2/22/2020	Europe	Italy
EPI_ISL_1064110	2/22/2020	Europe	Italy
EPI_ISL_1064111	2/22/2020	Europe	Italy
EPI_ISL_1064112	2/22/2020	Europe	Italy
EPI_ISL_1064113	2/22/2020	Europe	Italy
EPI_ISL_1064114	2/22/2020	Europe	Italy
EPI_ISL_1064115	2/21/2020	Europe	Italy
EPI_ISL_1064116	2/21/2020	Europe	Italy
EPI_ISL_1068593	1/31/2020	Asia	China
EPI_ISL_1068682	1/24/2020	Asia	China
EPI_ISL_1069173	1/26/2020	Asia	China
EPI_ISL_1069198	1/28/2020	Asia	China
EPI_ISL_1069199	1/28/2020	Asia	China
EPI_ISL_1069200	1/30/2020	Asia	China
EPI_ISL_1069192	1/26/2020	Asia	China
EPI_ISL_1069193	1/27/2020	Asia	China
EPI_ISL_1069201	1/30/2020	Asia	China
EPI_ISL_1069203	1/31/2020	Asia	China
EPI_ISL_1069205	1/31/2020	Asia	China
EPI_ISL_1069206	1/26/2020	Asia	China
EPI_ISL_1069210	2/1/2020	Asia	China
EPI_ISL_1069211	2/2/2020	Asia	China
EPI_ISL_1069207	1/31/2020	Asia	China
EPI_ISL_1069208	2/1/2020	Asia	China
EPI_ISL_1069213	2/3/2020	Asia	China
EPI_ISL_1069215	2/3/2020	Asia	China
EPI_ISL_1069216	2/4/2020	Asia	China
EPI_ISL_1069219	2/5/2020	Asia	China
EPI_ISL_1081197	2/7/2020	Asia	China
EPI_ISL_1081196	2/7/2020	Asia	China
EPI_ISL_1081193	2/6/2020	Asia	China
EPI_ISL_1081195	2/7/2020	Asia	China
EPI_ISL_1081194	2/6/2020	Asia	China
EPI_ISL_1081326	2/14/2020	Asia	China
EPI_ISL_1081325	2/13/2020	Asia	China
EPI_ISL_1081340	2/15/2020	Asia	China
EPI_ISL_1081331	2/15/2020	Asia	China
EPI_ISL_1081199	2/8/2020	Asia	China
EPI_ISL_1081198	2/7/2020	Asia	China
EPI_ISL_1081311	2/8/2020	Asia	China
EPI_ISL_1081310	2/8/2020	Asia	China
EPI_ISL_1081324	2/11/2020	Asia	China
EPI_ISL_1081291	2/8/2020	Asia	China
EPI_ISL_1081260	2/8/2020	Asia	China
EPI_ISL_1084721	2/22/2020	Asia	Bangladesh
EPI_ISL_1069218	2/5/2020	Asia	China
EPI_ISL_1136974	2/17/2020	NorthAmerica	USA
EPI_ISL_1145037	2/2/2020	Europe	Germany
EPI_ISL_1143993	1/29/2020	Europe	Germany
EPI_ISL_1143994	1/30/2020	Europe	Germany
EPI_ISL_1143997	2/23/2020	Europe	Germany
EPI_ISL_1143998	2/23/2020	Europe	Germany
EPI_ISL_1167830	2/16/2020	SouthAmerica	Chile
EPI_ISL_1181176	2/29/2020	Europe	Germany
EPI_ISL_1181743	2/27/2020	Europe	Italy
EPI_ISL_1181744	2/25/2020	Europe	Italy
EPI_ISL_1181761	2/27/2020	Europe	Italy
EPI_ISL_1181764	2/27/2020	Europe	Italy
EPI_ISL_1181765	2/25/2020	Europe	Italy
EPI_ISL_1181769	2/25/2020	Europe	Italy
EPI_ISL_1181771	2/27/2020	Europe	Italy
EPI_ISL_1181773	2/25/2020	Europe	Italy
EPI_ISL_1181777	2/26/2020	Europe	Italy
EPI_ISL_1181780	2/26/2020	Europe	Italy
EPI_ISL_1181781	2/25/2020	Europe	Italy
EPI_ISL_1181790	2/25/2020	Europe	Italy
EPI_ISL_1181802	2/27/2020	Europe	Italy
EPI_ISL_1181808	2/24/2020	Europe	Italy
EPI_ISL_1225382	2/4/2020	NorthAmerica	Panama
EPI_ISL_1263332	2/6/2020	Europe	Belgium
EPI_ISL_1263333	2/14/2020	Europe	Belgium
EPI_ISL_1265909	2/8/2020	NorthAmerica	USA
EPI_ISL_1296407	2/26/2020	Europe	France
EPI_ISL_1301441	1/23/2020	Europe	France
EPI_ISL_1307661	1/15/2020	Oceania	PapuaNewGuinea
EPI_ISL_1307662	1/13/2020	Oceania	PapuaNewGuinea
EPI_ISL_1311093	2/12/2020	Europe	Netherlands
EPI_ISL_1311681	2/9/2020	Europe	Netherlands
EPI_ISL_1311840	2/15/2020	Europe	Netherlands
EPI_ISL_1311841	2/15/2020	Europe	Netherlands
EPI_ISL_1315626	1/31/2020	Asia	Singapore
EPI_ISL_1429761	2/19/2020	Asia	Japan
EPI_ISL_1431487	2/22/2020	Asia	Japan
EPI_ISL_1490167	2/18/2020	Asia	SouthKorea
EPI_ISL_1499504	2/28/2020	Europe	Italy
EPI_ISL_1533610	2/29/2020	Asia	Iran
EPI_ISL_1603195	2/7/2020	Europe	Spain
EPI_ISL_1655937	1/25/2020	Asia	China
EPI_ISL_1706374	2/28/2020	Europe	Netherlands
EPI_ISL_1973234	2/15/2020	Asia	Japan
EPI_ISL_1973235	2/15/2020	Asia	Japan
EPI_ISL_1973236	2/1/2020	Asia	Japan
EPI_ISL_1973237	2/15/2020	Asia	Japan
EPI_ISL_1973238	2/24/2020	Asia	Japan
EPI_ISL_2099688	2/24/2020	Asia	India
EPI_ISL_2226155	2/29/2020	Europe	Norway
EPI_ISL_2304304	2/15/2020	Asia	Japan
EPI_ISL_2350784	2/9/2020	Asia	India
EPI_ISL_2426018	1/29/2020	Europe	Norway
EPI_ISL_2433280	2/2/2020	Asia	China
EPI_ISL_2433281	2/2/2020	Asia	China
EPI_ISL_2433282	2/4/2020	Asia	China
EPI_ISL_2433283	2/2/2020	Asia	China
EPI_ISL_2433284	2/2/2020	Asia	China
EPI_ISL_2467779	1/10/2020	Europe	France
EPI_ISL_2467532	2/4/2020	Europe	France
EPI_ISL_2467531	1/10/2020	Europe	France
EPI_ISL_2467534	2/10/2020	Europe	France
EPI_ISL_2467533	2/4/2020	Europe	France
EPI_ISL_2467529	1/10/2020	Europe	France
EPI_ISL_2544695	2/5/2020	Asia	Japan
EPI_ISL_2544696	2/5/2020	Asia	Japan
EPI_ISL_2549107	2/26/2020	Europe	Norway
EPI_ISL_2611923	2/29/2020	Europe	Norway
EPI_ISL_2631277	1/14/2020	Europe	Poland
EPI_ISL_2671842	1/9/2020	Asia	Japan
EPI_ISL_2710804	2/10/2020	Asia	HongKong
EPI_ISL_2710805	2/11/2020	Asia	HongKong
EPI_ISL_2710806	2/6/2020	Asia	HongKong
EPI_ISL_2710807	2/9/2020	Asia	HongKong
EPI_ISL_2710808	2/11/2020	Asia	HongKong
EPI_ISL_2710809	2/9/2020	Asia	HongKong
EPI_ISL_2710810	2/9/2020	Asia	HongKong
EPI_ISL_2710811	2/9/2020	Asia	HongKong
EPI_ISL_2710812	2/10/2020	Asia	HongKong
EPI_ISL_2710813	2/4/2020	Asia	HongKong
EPI_ISL_2710814	2/10/2020	Asia	HongKong
EPI_ISL_2710815	2/5/2020	Asia	HongKong
EPI_ISL_2710816	1/26/2020	Asia	HongKong
EPI_ISL_2710817	2/5/2020	Asia	HongKong
EPI_ISL_2710818	2/9/2020	Asia	HongKong
EPI_ISL_2710819	2/11/2020	Asia	HongKong
EPI_ISL_2710820	2/13/2020	Asia	HongKong
EPI_ISL_2710821	2/14/2020	Asia	HongKong
EPI_ISL_2710822	2/16/2020	Asia	HongKong
EPI_ISL_2710823	2/17/2020	Asia	HongKong
EPI_ISL_2710824	2/18/2020	Asia	HongKong
EPI_ISL_2710825	2/19/2020	Asia	HongKong
EPI_ISL_2710826	2/26/2020	Asia	HongKong
EPI_ISL_2710827	2/19/2020	Asia	HongKong
EPI_ISL_2710828	2/24/2020	Asia	HongKong
EPI_ISL_2710829	1/23/2020	Asia	HongKong
EPI_ISL_2710830	2/10/2020	Asia	HongKong
EPI_ISL_2710831	2/11/2020	Asia	HongKong
EPI_ISL_2710832	2/11/2020	Asia	HongKong
EPI_ISL_2710833	2/27/2020	Asia	HongKong
EPI_ISL_2716627	1/14/2020	Africa	SierraLeone
EPI_ISL_2716636	1/14/2020	Africa	SierraLeone
EPI_ISL_2723742	2/9/2020	Asia	HongKong
EPI_ISL_2723743	2/9/2020	Asia	HongKong
EPI_ISL_2723744	2/9/2020	Asia	HongKong
EPI_ISL_2723745	2/9/2020	Asia	HongKong
EPI_ISL_2723746	2/9/2020	Asia	HongKong
EPI_ISL_2723747	2/10/2020	Asia	HongKong
EPI_ISL_2723748	2/13/2020	Asia	HongKong
EPI_ISL_2723749	2/19/2020	Asia	HongKong
EPI_ISL_2723750	2/26/2020	Asia	HongKong
EPI_ISL_2723751	2/26/2020	Asia	HongKong
EPI_ISL_2723752	2/22/2020	Asia	HongKong
EPI_ISL_2723753	2/23/2020	Asia	HongKong
EPI_ISL_2723754	2/23/2020	Asia	HongKong
EPI_ISL_2723755	2/26/2020	Asia	HongKong
EPI_ISL_2723756	2/25/2020	Asia	HongKong
EPI_ISL_2723757	2/25/2020	Asia	HongKong
EPI_ISL_2754140	2/28/2020	Europe	Spain
EPI_ISL_2735786	2/9/2020	Europe	UnitedKingdom
EPI_ISL_2735785	1/29/2020	Europe	UnitedKingdom
EPI_ISL_2737709	2/20/2020	Europe	UnitedKingdom
EPI_ISL_2737708	2/19/2020	Europe	UnitedKingdom
EPI_ISL_2737705	2/16/2020	Europe	UnitedKingdom
EPI_ISL_2737704	2/15/2020	Europe	UnitedKingdom
EPI_ISL_2737707	2/18/2020	Europe	UnitedKingdom
EPI_ISL_2737706	2/16/2020	Europe	UnitedKingdom
EPI_ISL_2737701	2/14/2020	Europe	UnitedKingdom
EPI_ISL_2737700	2/13/2020	Europe	UnitedKingdom
EPI_ISL_2737703	2/15/2020	Europe	UnitedKingdom
EPI_ISL_2737702	2/14/2020	Europe	UnitedKingdom
EPI_ISL_2737719	2/27/2020	Europe	UnitedKingdom
EPI_ISL_2737716	2/25/2020	Europe	UnitedKingdom
EPI_ISL_2737715	2/25/2020	Europe	UnitedKingdom
EPI_ISL_2737718	2/26/2020	Europe	UnitedKingdom
EPI_ISL_2737717	2/26/2020	Europe	UnitedKingdom
EPI_ISL_2737712	2/24/2020	Europe	UnitedKingdom
EPI_ISL_2737711	2/24/2020	Europe	UnitedKingdom
EPI_ISL_2737714	2/25/2020	Europe	UnitedKingdom
EPI_ISL_2737713	2/24/2020	Europe	UnitedKingdom
EPI_ISL_2737710	2/24/2020	Europe	UnitedKingdom
EPI_ISL_2737699	2/13/2020	Europe	UnitedKingdom
EPI_ISL_2737698	2/9/2020	Europe	UnitedKingdom
EPI_ISL_2737749	2/27/2020	Europe	UnitedKingdom
EPI_ISL_2737748	2/27/2020	Europe	UnitedKingdom
EPI_ISL_2737744	2/28/2020	Europe	UnitedKingdom
EPI_ISL_2737747	2/28/2020	Europe	UnitedKingdom
EPI_ISL_2737746	2/28/2020	Europe	UnitedKingdom
EPI_ISL_2737741	2/29/2020	Europe	UnitedKingdom
EPI_ISL_2737740	2/29/2020	Europe	UnitedKingdom
EPI_ISL_2737743	2/29/2020	Europe	UnitedKingdom
EPI_ISL_2737742	2/28/2020	Europe	UnitedKingdom
EPI_ISL_2737752	2/27/2020	Europe	UnitedKingdom
EPI_ISL_2737751	2/28/2020	Europe	UnitedKingdom
EPI_ISL_2737727	2/27/2020	Europe	UnitedKingdom
EPI_ISL_2737726	2/27/2020	Europe	UnitedKingdom
EPI_ISL_2737729	2/28/2020	Europe	UnitedKingdom
EPI_ISL_2737728	2/28/2020	Europe	UnitedKingdom
EPI_ISL_2737723	2/27/2020	Europe	UnitedKingdom
EPI_ISL_2737722	2/27/2020	Europe	UnitedKingdom
EPI_ISL_2737724	2/27/2020	Europe	UnitedKingdom
EPI_ISL_2737721	2/26/2020	Europe	UnitedKingdom
EPI_ISL_2737720	2/27/2020	Europe	UnitedKingdom
EPI_ISL_2737738	2/29/2020	Europe	UnitedKingdom
EPI_ISL_2737737	2/29/2020	Europe	UnitedKingdom
EPI_ISL_2737739	2/29/2020	Europe	UnitedKingdom
EPI_ISL_2737734	2/29/2020	Europe	UnitedKingdom
EPI_ISL_2737733	2/29/2020	Europe	UnitedKingdom
EPI_ISL_2737736	2/29/2020	Europe	UnitedKingdom
EPI_ISL_2737735	2/29/2020	Europe	UnitedKingdom
EPI_ISL_2737730	2/27/2020	Europe	UnitedKingdom
EPI_ISL_2737732	2/28/2020	Europe	UnitedKingdom
EPI_ISL_2737731	2/28/2020	Europe	UnitedKingdom
EPI_ISL_2775494	2/26/2020	SouthAmerica	Brazil
EPI_ISL_2790992	2/19/2020	Europe	France
EPI_ISL_2811805	2/2/2020	Asia	China
EPI_ISL_2811795	2/3/2020	Asia	China
EPI_ISL_2836011	1/19/2020	NorthAmerica	USA
EPI_ISL_2835566	1/21/2020	NorthAmerica	USA
EPI_ISL_2896261	2/28/2020	Asia	Georgia
EPI_ISL_2896259	2/27/2020	Asia	Georgia
EPI_ISL_2970356	1/23/2020	Asia	Thailand
EPI_ISL_3031192	2/28/2020	Europe	Norway
EPI_ISL_3065948	2/7/2020	Asia	HongKong
EPI_ISL_3065949	2/14/2020	Asia	HongKong
EPI_ISL_3065950	2/19/2020	Asia	HongKong
EPI_ISL_3065951	2/28/2020	Asia	HongKong
EPI_ISL_3098698	2/24/2020	Asia	Georgia
EPI_ISL_3118361	2/28/2020	Asia	SouthKorea
EPI_ISL_3150155	2/20/2020	Asia	HongKong
EPI_ISL_3185949	1/22/2020	NorthAmerica	USA
EPI_ISL_3364539	1/28/2020	NorthAmerica	USA
EPI_ISL_3501739	2/4/2020	Asia	China
EPI_ISL_3501738	2/2/2020	Asia	China
EPI_ISL_3501737	2/2/2020	Asia	China
EPI_ISL_3501741	2/2/2020	Asia	China
EPI_ISL_3501740	2/2/2020	Asia	China
EPI_ISL_3536920	1/3/2020	NorthAmerica	USA
EPI_ISL_3537059	1/3/2020	NorthAmerica	USA
EPI_ISL_3537060	1/3/2020	NorthAmerica	USA
EPI_ISL_3537061	1/3/2020	NorthAmerica	USA
EPI_ISL_3537062	1/3/2020	NorthAmerica	USA
EPI_ISL_3537063	1/3/2020	NorthAmerica	USA
EPI_ISL_3537064	1/3/2020	NorthAmerica	USA
EPI_ISL_3537065	1/3/2020	NorthAmerica	USA
EPI_ISL_3537066	1/3/2020	NorthAmerica	USA
EPI_ISL_3537067	1/3/2020	NorthAmerica	USA
EPI_ISL_3568416	1/8/2020	Oceania	Australia
EPI_ISL_3838266	1/28/2020	Europe	Germany
EPI_ISL_2731458	2/26/2020	SouthAmerica	Brazil
EPI_ISL_4899863	2/2/2020	Africa	Morocco
EPI_ISL_4899870	2/2/2020	Africa	Morocco
EPI_ISL_4899881	2/2/2020	Africa	Morocco
EPI_ISL_4899888	2/2/2020	Africa	Morocco
EPI_ISL_4899892	2/2/2020	Africa	Morocco
EPI_ISL_4899898	2/2/2020	Africa	Morocco
EPI_ISL_4899903	2/2/2020	Africa	Morocco
EPI_ISL_4899911	2/2/2020	Africa	Morocco
EPI_ISL_4899917	2/2/2020	Africa	Morocco
EPI_ISL_5053973	2/29/2020	Europe	Italy
EPI_ISL_5248212	2/20/2020	Europe	Ireland
EPI_ISL_5439840	2/21/2020	NorthAmerica	USA
EPI_ISL_5439863	2/2/2020	NorthAmerica	USA
EPI_ISL_5656395	2/21/2020	Oceania	Australia
EPI_ISL_5687737	2/29/2020	Europe	Italy
EPI_ISL_414570	2/13/2020	Asia	HongKong
